V1	V2	V3	V4	V5	V6	V7	V8	V9	V10	V11	V12	V13	V14	V15
249.250	249.250	249.250	249.250	249.250	249.250	249.250	249.250	249.250	249.250	249.250	249.250	249.250	249.250	249.250
277.439	277.647	277.829	277.987	278.124	278.242	278.343	278.429	278.502	278.562	278.610	278.648	278.676	278.695	278.704
280.778	280.603	280.449	280.316	280.200	280.101	280.015	279.943	279.881	279.831	279.790	279.758	279.734	279.719	279.711
281.684	281.404	281.160	280.948	280.764	280.605	280.469	280.353	280.255	280.175	280.109	280.058	280.021	279.996	279.984
280.665	280.502	280.360	280.237	280.130	280.038	279.959	279.891	279.835	279.788	279.750	279.720	279.698	279.684	279.677
279.646	279.601	279.561	279.526	279.496	279.471	279.448	279.430	279.414	279.401	279.390	279.382	279.375	279.371	279.369
278.288	278.398	278.495	278.579	278.652	278.714	278.768	278.814	278.853	278.884	278.910	278.930	278.945	278.955	278.960
279.193	279.200	279.206	279.211	279.215	279.218	279.222	279.224	279.227	279.228	279.230	279.231	279.232	279.233	279.233
279.193	279.200	279.206	279.211	279.215	279.218	279.222	279.224	279.227	279.228	279.230	279.231	279.232	279.233	279.233
274.552	275.092	275.563	275.973	276.328	276.635	276.898	277.121	277.309	277.465	277.591	277.690	277.762	277.810	277.833
270.929	271.886	272.721	273.446	274.075	274.618	275.084	275.480	275.813	276.089	276.312	276.486	276.615	276.699	276.741
275.684	276.094	276.452	276.763	277.032	277.265	277.464	277.634	277.777	277.895	277.991	278.066	278.121	278.157	278.175
276.023	276.395	276.718	277.000	277.243	277.454	277.634	277.788	277.917	278.024	278.111	278.178	278.228	278.261	278.277
273.193	273.890	274.497	275.026	275.483	275.878	276.217	276.506	276.748	276.949	277.112	277.238	277.332	277.393	277.424
271.721	272.587	273.342	273.999	274.568	275.059	275.480	275.839	276.140	276.390	276.592	276.750	276.866	276.942	276.980
274.438	274.992	275.475	275.894	276.258	276.572	276.841	277.070	277.263	277.422	277.551	277.652	277.726	277.775	277.799
276.816	277.096	277.340	277.552	277.736	277.895	278.031	278.147	278.245	278.325	278.391	278.442	278.479	278.504	278.516
275.910	276.294	276.629	276.921	277.173	277.391	277.578	277.737	277.870	277.981	278.071	278.141	278.192	278.226	278.243
272.061	272.888	273.609	274.236	274.779	275.248	275.650	275.993	276.281	276.519	276.712	276.862	276.973	277.046	277.082
272.174	272.988	273.698	274.315	274.850	275.311	275.707	276.044	276.327	276.562	276.752	276.900	277.009	277.081	277.116
273.872	274.491	275.030	275.499	275.906	276.257	276.557	276.813	277.029	277.207	277.351	277.464	277.547	277.601	277.628
269.910	270.984	271.921	272.736	273.442	274.051	274.573	275.018	275.392	275.702	275.952	276.148	276.292	276.387	276.434
271.835	272.688	273.431	274.078	274.639	275.122	275.537	275.890	276.187	276.433	276.632	276.787	276.902	276.977	277.014
273.533	274.190	274.764	275.262	275.695	276.068	276.387	276.659	276.888	277.078	277.231	277.351	277.439	277.497	277.526
268.778	269.983	271.033	271.946	272.738	273.421	274.007	274.505	274.924	275.272	275.553	275.772	275.933	276.040	276.092
271.608	272.487	273.254	273.920	274.498	274.996	275.424	275.787	276.093	276.347	276.552	276.712	276.830	276.907	276.946
278.854	278.899	278.939	278.974	279.004	279.029	279.052	279.070	279.086	279.099	279.110	279.118	279.125	279.129	279.131
274.325	274.892	275.386	275.815	276.187	276.509	276.784	277.019	277.216	277.379	277.511	277.614	277.690	277.740	277.765
277.722	277.897	278.051	278.184	278.300	278.399	278.485	278.557	278.619	278.669	278.710	278.742	278.766	278.781	278.789
281.910	281.604	281.338	281.106	280.904	280.731	280.582	280.455	280.349	280.261	280.189	280.134	280.093	280.066	280.052
279.307	279.300	279.294	279.289	279.285	279.282	279.278	279.276	279.273	279.272	279.270	279.269	279.268	279.267	279.267
278.514	278.599	278.673	278.737	278.792	278.840	278.882	278.917	278.946	278.970	278.990	279.006	279.017	279.024	279.028
272.627	273.389	274.053	274.631	275.131	275.563	275.934	276.249	276.514	276.734	276.912	277.050	277.153	277.220	277.253
272.967	273.690	274.320	274.868	275.343	275.752	276.104	276.403	276.655	276.863	277.032	277.163	277.260	277.324	277.355
276.703	276.996	277.251	277.473	277.666	277.832	277.975	278.096	278.198	278.282	278.351	278.404	278.443	278.469	278.482
275.005	275.493	275.919	276.289	276.610	276.887	277.124	277.326	277.496	277.637	277.751	277.840	277.905	277.949	277.970
272.627	273.389	274.053	274.631	275.131	275.563	275.934	276.249	276.514	276.734	276.912	277.050	277.153	277.220	277.253
272.740	273.489	274.142	274.710	275.202	275.626	275.991	276.300	276.561	276.777	276.952	277.088	277.188	277.254	277.287
271.155	272.087	272.898	273.604	274.216	274.744	275.197	275.582	275.906	276.175	276.392	276.562	276.686	276.768	276.809
270.250	271.285	272.188	272.973	273.653	274.240	274.743	275.172	275.532	275.831	276.072	276.261	276.400	276.491	276.536
269.684	270.784	271.743	272.578	273.301	273.925	274.460	274.915	275.299	275.616	275.872	276.073	276.220	276.317	276.365
268.325	269.582	270.677	271.630	272.456	273.169	273.780	274.300	274.737	275.100	275.393	275.622	275.790	275.901	275.956
276.590	276.896	277.162	277.394	277.596	277.769	277.918	278.045	278.151	278.239	278.311	278.366	278.407	278.434	278.448
273.759	274.391	274.942	275.420	275.835	276.194	276.501	276.762	276.982	277.164	277.311	277.426	277.511	277.567	277.594
273.759	274.391	274.942	275.420	275.835	276.194	276.501	276.762	276.982	277.164	277.311	277.426	277.511	277.567	277.594
278.741	278.799	278.850	278.895	278.933	278.966	278.995	279.019	279.040	279.056	279.070	279.081	279.089	279.094	279.096
279.986	279.901	279.827	279.763	279.708	279.660	279.618	279.583	279.554	279.530	279.510	279.494	279.483	279.476	279.472
279.646	279.601	279.561	279.526	279.496	279.471	279.448	279.430	279.414	279.401	279.390	279.382	279.375	279.371	279.369
279.533	279.500	279.472	279.447	279.426	279.408	279.392	279.378	279.367	279.358	279.350	279.344	279.340	279.337	279.335
279.307	279.300	279.294	279.289	279.285	279.282	279.278	279.276	279.273	279.272	279.270	279.269	279.268	279.267	279.267
277.835	277.998	278.140	278.263	278.370	278.462	278.541	278.609	278.665	278.712	278.750	278.780	278.802	278.816	278.823
276.929	277.196	277.429	277.631	277.807	277.958	278.088	278.198	278.291	278.368	278.431	278.479	278.515	278.539	278.550
275.231	275.693	276.096	276.447	276.751	277.013	277.238	277.429	277.590	277.723	277.831	277.915	277.977	278.018	278.038
275.571	275.994	276.363	276.684	276.962	277.202	277.408	277.583	277.730	277.852	277.951	278.028	278.085	278.122	278.141
278.967	279.000	279.028	279.053	279.074	279.092	279.108	279.122	279.133	279.142	279.150	279.156	279.160	279.163	279.165
280.099	280.001	279.916	279.842	279.778	279.723	279.675	279.635	279.601	279.573	279.550	279.532	279.519	279.510	279.506
279.759	279.701	279.650	279.605	279.567	279.534	279.505	279.481	279.460	279.444	279.430	279.419	279.411	279.406	279.404
279.646	279.601	279.561	279.526	279.496	279.471	279.448	279.430	279.414	279.401	279.390	279.382	279.375	279.371	279.369
273.193	273.890	274.497	275.026	275.483	275.878	276.217	276.506	276.748	276.949	277.112	277.238	277.332	277.393	277.424
274.325	274.892	275.386	275.815	276.187	276.509	276.784	277.019	277.216	277.379	277.511	277.614	277.690	277.740	277.765
272.684	273.440	274.098	274.671	275.167	275.595	275.963	276.275	276.538	276.756	276.932	277.070	277.171	277.237	277.270
274.778	275.293	275.741	276.131	276.469	276.761	277.011	277.224	277.403	277.551	277.671	277.765	277.834	277.879	277.902
273.796	274.424	274.971	275.446	275.859	276.214	276.519	276.779	276.997	277.178	277.325	277.439	277.523	277.578	277.606
277.066	277.318	277.537	277.727	277.892	278.034	278.157	278.261	278.348	278.420	278.479	278.525	278.558	278.581	278.592
276.304	276.643	276.938	277.195	277.418	277.610	277.775	277.915	278.033	278.131	278.210	278.271	278.317	278.347	278.362
277.269	277.497	277.695	277.868	278.018	278.147	278.258	278.352	278.432	278.497	278.551	278.592	278.623	278.643	278.653
273.533	274.190	274.764	275.262	275.695	276.068	276.387	276.659	276.888	277.078	277.231	277.351	277.439	277.497	277.526
272.061	272.888	273.609	274.236	274.779	275.248	275.650	275.993	276.281	276.519	276.712	276.862	276.973	277.046	277.082
269.231	270.383	271.388	272.262	273.019	273.673	274.233	274.710	275.111	275.444	275.713	275.922	276.077	276.178	276.229
274.325	274.892	275.386	275.815	276.187	276.509	276.784	277.019	277.216	277.379	277.511	277.614	277.690	277.740	277.765
273.986	274.591	275.119	275.578	275.976	276.320	276.614	276.865	277.076	277.250	277.391	277.502	277.583	277.636	277.663
272.244	273.050	273.753	274.364	274.893	275.350	275.742	276.076	276.356	276.588	276.776	276.923	277.031	277.102	277.137
276.023	276.395	276.718	277.000	277.243	277.454	277.634	277.788	277.917	278.024	278.111	278.178	278.228	278.261	278.277
275.022	275.508	275.932	276.301	276.621	276.897	277.133	277.334	277.504	277.644	277.757	277.846	277.911	277.954	277.975
277.076	277.326	277.544	277.734	277.898	278.040	278.162	278.265	278.352	278.424	278.483	278.528	278.562	278.584	278.595
273.872	274.491	275.030	275.499	275.906	276.257	276.557	276.813	277.029	277.207	277.351	277.464	277.547	277.601	277.628
271.269	272.187	272.987	273.683	274.287	274.807	275.254	275.634	275.953	276.218	276.432	276.599	276.722	276.803	276.843
271.042	271.986	272.809	273.525	274.146	274.681	275.140	275.531	275.860	276.132	276.352	276.524	276.651	276.734	276.775
271.042	271.986	272.809	273.525	274.146	274.681	275.140	275.531	275.860	276.132	276.352	276.524	276.651	276.734	276.775
271.495	272.387	273.165	273.841	274.427	274.933	275.367	275.736	276.047	276.304	276.512	276.674	276.794	276.873	276.912
269.231	270.383	271.388	272.262	273.019	273.673	274.233	274.710	275.111	275.444	275.713	275.922	276.077	276.178	276.229
271.859	272.709	273.451	274.095	274.654	275.136	275.549	275.901	276.197	276.442	276.641	276.795	276.909	276.984	277.021
272.379	273.169	273.858	274.458	274.977	275.425	275.810	276.137	276.412	276.640	276.824	276.968	277.074	277.144	277.178
274.998	275.487	275.914	276.285	276.606	276.883	277.121	277.324	277.494	277.635	277.749	277.838	277.904	277.947	277.968
275.919	276.302	276.636	276.927	277.178	277.396	277.582	277.741	277.874	277.985	278.074	278.144	278.195	278.229	278.246
276.764	277.050	277.299	277.516	277.704	277.866	278.005	278.124	278.223	278.306	278.372	278.424	278.463	278.488	278.500
277.722	277.897	278.051	278.184	278.300	278.399	278.485	278.557	278.619	278.669	278.710	278.742	278.766	278.781	278.789
278.741	278.799	278.850	278.895	278.933	278.966	278.995	279.019	279.040	279.056	279.070	279.081	279.089	279.094	279.096
279.193	279.200	279.206	279.211	279.215	279.218	279.222	279.224	279.227	279.228	279.230	279.231	279.232	279.233	279.233
278.967	279.000	279.028	279.053	279.074	279.092	279.108	279.122	279.133	279.142	279.150	279.156	279.160	279.163	279.165
277.766	277.937	278.086	278.215	278.327	278.424	278.507	278.578	278.637	278.686	278.726	278.757	278.780	278.795	278.803
278.042	278.181	278.302	278.407	278.499	278.577	278.645	278.703	278.751	278.791	278.823	278.849	278.867	278.880	278.886
279.086	279.105	279.122	279.136	279.148	279.159	279.168	279.176	279.182	279.188	279.192	279.196	279.198	279.200	279.201
280.099	280.001	279.916	279.842	279.778	279.723	279.675	279.635	279.601	279.573	279.550	279.532	279.519	279.510	279.506
280.778	280.603	280.449	280.316	280.200	280.101	280.015	279.943	279.881	279.831	279.790	279.758	279.734	279.719	279.711
273.961	274.570	275.100	275.561	275.961	276.306	276.602	276.854	277.065	277.241	277.383	277.494	277.575	277.629	277.655
273.862	274.482	275.022	275.492	275.899	276.251	276.552	276.809	277.024	277.203	277.348	277.461	277.544	277.598	277.625
275.348	275.797	276.188	276.529	276.824	277.078	277.296	277.482	277.638	277.768	277.872	277.954	278.014	278.054	278.073
277.269	277.497	277.695	277.868	278.018	278.147	278.258	278.352	278.432	278.497	278.551	278.592	278.623	278.643	278.653
279.646	279.601	279.561	279.526	279.496	279.471	279.448	279.430	279.414	279.401	279.390	279.382	279.375	279.371	279.369
280.665	280.502	280.360	280.237	280.130	280.038	279.959	279.891	279.835	279.788	279.750	279.720	279.698	279.684	279.677
282.077	281.752	281.468	281.222	281.008	280.824	280.666	280.531	280.418	280.324	280.248	280.189	280.145	280.117	280.103
281.064	280.856	280.674	280.515	280.378	280.260	280.158	280.072	279.999	279.939	279.891	279.853	279.825	279.806	279.797
284.918	284.266	283.698	283.203	282.775	282.405	282.088	281.818	281.591	281.403	281.251	281.132	281.045	280.988	280.959
291.133	289.766	288.574	287.538	286.639	285.864	285.200	284.634	284.158	283.764	283.445	283.196	283.013	282.893	282.833
288.457	287.398	286.475	285.672	284.976	284.375	283.860	283.422	283.053	282.748	282.501	282.308	282.166	282.073	282.026
287.858	286.868	286.005	285.254	284.603	284.042	283.560	283.150	282.806	282.520	282.289	282.109	281.976	281.889	281.846
289.669	288.471	287.426	286.517	285.730	285.050	284.467	283.971	283.554	283.208	282.929	282.710	282.550	282.444	282.392
282.368	282.009	281.697	281.425	281.189	280.986	280.811	280.663	280.538	280.435	280.351	280.286	280.237	280.206	280.190
278.562	278.641	278.710	278.770	278.822	278.867	278.906	278.938	278.966	278.989	279.007	279.022	279.032	279.039	279.043
282.413	282.049	281.732	281.456	281.217	281.011	280.834	280.683	280.556	280.451	280.367	280.300	280.252	280.220	280.204
282.816	282.406	282.048	281.737	281.468	281.235	281.036	280.866	280.723	280.605	280.509	280.434	280.379	280.343	280.325
283.081	282.640	282.256	281.922	281.632	281.382	281.168	280.986	280.832	280.705	280.602	280.522	280.463	280.424	280.405
285.272	284.579	283.975	283.450	282.995	282.602	282.265	281.979	281.737	281.538	281.376	281.250	281.157	281.096	281.066
289.383	288.217	287.201	286.317	285.551	284.890	284.323	283.841	283.435	283.099	282.827	282.615	282.459	282.356	282.305
287.975	286.971	286.096	285.335	284.676	284.107	283.619	283.203	282.854	282.565	282.330	282.148	282.013	281.925	281.881
279.193	279.200	279.206	279.211	279.215	279.218	279.222	279.224	279.227	279.228	279.230	279.231	279.232	279.233	279.233
280.436	280.299	280.180	280.077	279.987	279.910	279.844	279.787	279.740	279.700	279.669	279.644	279.625	279.613	279.608
282.589	282.205	281.870	281.579	281.327	281.109	280.922	280.763	280.629	280.519	280.429	280.359	280.308	280.274	280.257
281.699	281.417	281.172	280.958	280.773	280.613	280.476	280.360	280.262	280.180	280.115	280.063	280.026	280.001	279.988
283.586	283.087	282.652	282.274	281.946	281.663	281.421	281.215	281.041	280.897	280.781	280.690	280.623	280.579	280.557
285.194	284.510	283.914	283.395	282.946	282.559	282.226	281.943	281.705	281.508	281.348	281.224	281.132	281.072	281.042
284.641	284.021	283.480	283.010	282.603	282.251	281.949	281.693	281.477	281.298	281.153	281.040	280.957	280.903	280.876
286.039	285.258	284.577	283.985	283.472	283.029	282.650	282.326	282.054	281.829	281.647	281.505	281.400	281.331	281.297
286.811	285.941	285.183	284.523	283.952	283.459	283.036	282.676	282.373	282.122	281.919	281.761	281.644	281.568	281.530
290.067	288.823	287.738	286.795	285.977	285.271	284.666	284.151	283.718	283.359	283.069	282.843	282.676	282.566	282.512
287.911	286.914	286.046	285.291	284.636	284.071	283.586	283.174	282.827	282.540	282.308	282.126	281.993	281.905	281.862
291.103	289.739	288.551	287.517	286.621	285.848	285.185	284.621	284.146	283.753	283.435	283.186	283.004	282.884	282.824
289.427	288.256	287.236	286.348	285.579	284.915	284.346	283.861	283.454	283.116	282.843	282.630	282.473	282.370	282.319
286.863	285.987	285.224	284.560	283.984	283.488	283.062	282.699	282.395	282.142	281.938	281.778	281.661	281.584	281.546
285.046	284.379	283.798	283.292	282.854	282.476	282.152	281.876	281.644	281.452	281.296	281.175	281.086	281.027	280.998
281.811	281.516	281.259	281.036	280.843	280.676	280.532	280.410	280.308	280.223	280.154	280.101	280.061	280.035	280.022
281.990	281.675	281.400	281.161	280.954	280.775	280.622	280.491	280.382	280.291	280.217	280.160	280.118	280.090	280.076
284.276	283.698	283.194	282.755	282.375	282.048	281.766	281.527	281.326	281.159	281.024	280.919	280.842	280.791	280.765
291.070	289.710	288.524	287.494	286.600	285.829	285.168	284.606	284.132	283.740	283.423	283.175	282.993	282.873	282.814
292.611	291.074	289.734	288.569	287.559	286.687	285.940	285.304	284.769	284.326	283.967	283.687	283.481	283.346	283.279
293.936	292.247	290.774	289.493	288.383	287.425	286.603	285.904	285.316	284.829	284.435	284.127	283.901	283.752	283.678
285.194	284.510	283.914	283.395	282.946	282.559	282.226	281.943	281.705	281.508	281.348	281.224	281.132	281.072	281.042
285.545	284.820	284.189	283.640	283.164	282.754	282.402	282.102	281.850	281.641	281.472	281.340	281.243	281.180	281.148
286.326	285.512	284.802	284.185	283.650	283.189	282.793	282.456	282.173	281.938	281.748	281.600	281.491	281.419	281.384
286.213	285.412	284.713	284.106	283.580	283.126	282.736	282.405	282.126	281.895	281.708	281.562	281.455	281.384	281.349
281.910	281.604	281.338	281.106	280.904	280.731	280.582	280.455	280.349	280.261	280.189	280.134	280.093	280.066	280.052
280.489	280.346	280.222	280.114	280.020	279.939	279.870	279.811	279.762	279.721	279.687	279.661	279.642	279.630	279.623
280.174	280.067	279.975	279.894	279.824	279.764	279.712	279.668	279.631	279.601	279.576	279.557	279.542	279.533	279.528
282.250	281.905	281.604	281.342	281.116	280.920	280.752	280.609	280.489	280.390	280.309	280.246	280.200	280.170	280.155
284.175	283.608	283.114	282.685	282.313	281.991	281.716	281.481	281.284	281.121	280.989	280.886	280.810	280.760	280.735
284.636	284.016	283.476	283.006	282.599	282.248	281.947	281.690	281.475	281.296	281.151	281.039	280.956	280.901	280.874
285.765	285.015	284.362	283.794	283.301	282.876	282.512	282.202	281.941	281.725	281.550	281.414	281.313	281.247	281.214
286.692	285.836	285.090	284.441	283.878	283.393	282.976	282.622	282.324	282.077	281.878	281.722	281.607	281.532	281.494
287.506	286.556	285.728	285.008	284.384	283.846	283.384	282.991	282.660	282.386	282.165	281.992	281.865	281.781	281.739
289.220	288.073	287.073	286.204	285.450	284.800	284.242	283.767	283.368	283.038	282.770	282.561	282.407	282.306	282.256
289.077	287.947	286.961	286.104	285.361	284.720	284.170	283.703	283.309	282.983	282.720	282.514	282.362	282.263	282.213
285.053	284.386	283.804	283.298	282.859	282.480	282.156	281.880	281.647	281.455	281.299	281.177	281.088	281.029	281.000
286.002	285.225	284.548	283.959	283.449	283.009	282.631	282.309	282.039	281.815	281.634	281.492	281.388	281.320	281.286
287.435	286.493	285.672	284.958	284.340	283.806	283.348	282.958	282.631	282.359	282.140	281.968	281.842	281.759	281.718
288.210	287.179	286.281	285.499	284.822	284.238	283.736	283.310	282.951	282.654	282.413	282.226	282.088	281.997	281.952
290.453	289.164	288.041	287.064	286.217	285.486	284.859	284.326	283.877	283.506	283.205	282.971	282.798	282.684	282.628
291.717	290.283	289.033	287.946	287.003	286.190	285.492	284.899	284.400	283.986	283.652	283.391	283.198	283.072	283.009
291.849	290.400	289.136	288.037	287.085	286.263	285.558	284.959	284.454	284.036	283.698	283.434	283.240	283.112	283.049
288.873	287.766	286.801	285.961	285.234	284.606	284.068	283.610	283.225	282.906	282.647	282.446	282.297	282.200	282.152
288.725	287.635	286.685	285.858	285.142	284.524	283.994	283.543	283.164	282.849	282.595	282.397	282.251	282.155	282.107
288.817	287.717	286.757	285.923	285.200	284.576	284.040	283.585	283.202	282.885	282.628	282.427	282.280	282.183	282.135
291.822	290.376	289.115	288.018	287.068	286.248	285.545	284.946	284.443	284.026	283.689	283.425	283.231	283.104	283.041
294.197	292.477	290.978	289.675	288.545	287.570	286.734	286.022	285.424	284.928	284.527	284.214	283.984	283.832	283.757
287.867	286.876	286.012	285.260	284.609	284.047	283.565	283.154	282.809	282.524	282.292	282.112	281.979	281.892	281.848
289.197	288.053	287.055	286.188	285.436	284.787	284.230	283.757	283.359	283.029	282.762	282.553	282.400	282.299	282.249
288.772	287.677	286.722	285.891	285.172	284.550	284.018	283.565	283.183	282.867	282.612	282.412	282.266	282.169	282.121
292.122	290.641	289.350	288.228	287.255	286.415	285.695	285.082	284.567	284.140	283.795	283.525	283.327	283.196	283.131
296.904	294.873	293.103	291.563	290.229	289.077	288.089	287.249	286.542	285.957	285.483	285.113	284.841	284.662	284.573
302.369	299.709	297.391	295.375	293.627	292.119	290.826	289.725	288.799	288.033	287.412	286.928	286.572	286.337	286.221
297.307	295.230	293.419	291.844	290.479	289.302	288.291	287.432	286.709	286.110	285.625	285.247	284.969	284.786	284.695
294.232	292.508	291.006	289.699	288.567	287.590	286.751	286.038	285.438	284.941	284.539	284.226	283.995	283.843	283.768
292.958	291.381	290.007	288.811	287.775	286.881	286.114	285.461	284.912	284.458	284.090	283.803	283.591	283.452	283.384
290.867	289.530	288.365	287.352	286.474	285.717	285.067	284.514	284.048	283.663	283.351	283.108	282.929	282.811	282.753
288.973	287.855	286.880	286.032	285.297	284.662	284.119	283.656	283.266	282.944	282.683	282.479	282.329	282.231	282.182
286.439	285.612	284.891	284.264	283.721	283.252	282.850	282.507	282.219	281.981	281.788	281.638	281.527	281.454	281.418
285.112	284.438	283.850	283.339	282.896	282.513	282.185	281.906	281.671	281.477	281.320	281.197	281.107	281.047	281.018
285.563	284.837	284.204	283.653	283.176	282.764	282.411	282.111	281.858	281.648	281.479	281.347	281.249	281.185	281.154
286.290	285.480	284.774	284.160	283.628	283.169	282.775	282.440	282.158	281.924	281.735	281.588	281.479	281.408	281.373
286.779	285.913	285.158	284.501	283.932	283.441	283.020	282.661	282.360	282.110	281.908	281.750	281.634	281.558	281.520
284.761	284.127	283.574	283.094	282.677	282.318	282.009	281.747	281.526	281.344	281.196	281.080	280.995	280.940	280.912
291.744	290.306	289.053	287.964	287.019	286.205	285.506	284.911	284.411	283.996	283.661	283.399	283.207	283.080	283.017
291.039	289.683	288.500	287.472	286.581	285.812	285.153	284.591	284.119	283.728	283.412	283.165	282.983	282.864	282.805
293.225	291.618	290.216	288.997	287.941	287.029	286.247	285.582	285.023	284.559	284.184	283.891	283.676	283.534	283.464
293.432	291.800	290.378	289.141	288.069	287.144	286.351	285.676	285.108	284.638	284.257	283.960	283.741	283.598	283.526
293.025	291.440	290.058	288.857	287.816	286.918	286.147	285.491	284.940	284.483	284.113	283.825	283.612	283.473	283.404
291.146	289.778	288.585	287.547	286.648	285.872	285.207	284.640	284.164	283.769	283.450	283.201	283.018	282.897	282.837
292.190	290.702	289.404	288.275	287.297	286.453	285.729	285.113	284.595	284.166	283.819	283.548	283.348	283.217	283.152
293.813	292.138	290.678	289.407	288.307	287.357	286.542	285.849	285.266	284.783	284.392	284.087	283.862	283.715	283.641
293.596	291.946	290.507	289.256	288.172	287.236	286.433	285.750	285.176	284.700	284.315	284.015	283.793	283.648	283.576
290.322	289.048	287.937	286.972	286.135	285.413	284.794	284.267	283.823	283.456	283.159	282.927	282.756	282.644	282.588
289.682	288.482	287.435	286.526	285.737	285.057	284.473	283.977	283.559	283.213	282.933	282.714	282.554	282.448	282.395
289.816	288.600	287.541	286.619	285.821	285.132	284.540	284.037	283.614	283.264	282.980	282.759	282.596	282.489	282.436
290.852	289.517	288.354	287.342	286.465	285.708	285.059	284.507	284.042	283.657	283.346	283.103	282.924	282.807	282.748
289.949	288.718	287.645	286.712	285.903	285.205	284.607	284.098	283.669	283.314	283.027	282.803	282.638	282.530	282.476
290.059	288.816	287.732	286.789	285.972	285.267	284.662	284.148	283.715	283.356	283.066	282.840	282.673	282.564	282.509
292.081	290.605	289.318	288.199	287.229	286.393	285.675	285.064	284.550	284.124	283.780	283.511	283.314	283.184	283.119
294.199	292.480	290.980	289.677	288.547	287.572	286.735	286.024	285.425	284.929	284.528	284.215	283.984	283.833	283.758
294.679	292.904	291.356	290.011	288.845	287.838	286.975	286.241	285.623	285.111	284.697	284.374	284.136	283.980	283.902
294.166	292.450	290.954	289.653	288.526	287.553	286.718	286.008	285.411	284.916	284.516	284.204	283.974	283.823	283.748
294.852	293.057	291.493	290.132	288.953	287.935	287.062	286.319	285.695	285.177	284.759	284.432	284.191	284.033	283.955
295.611	293.729	292.088	290.661	289.425	288.358	287.442	286.663	286.008	285.466	285.027	284.684	284.432	284.266	284.184
298.341	296.145	294.230	292.565	291.122	289.877	288.809	287.900	287.136	286.502	285.990	285.590	285.296	285.103	285.007
299.039	296.762	294.778	293.052	291.556	290.265	289.158	288.216	287.424	286.768	286.237	285.822	285.517	285.317	285.217
298.428	296.221	294.298	292.626	291.176	289.925	288.852	287.939	287.171	286.535	286.021	285.619	285.323	285.129	285.033
297.239	295.170	293.366	291.797	290.437	289.264	288.257	287.401	286.681	286.084	285.601	285.224	284.947	284.765	284.674
298.365	296.166	294.249	292.582	291.137	289.890	288.821	287.911	287.145	286.512	285.999	285.598	285.304	285.110	285.014
299.073	296.792	294.804	293.075	291.577	290.284	289.175	288.232	287.438	286.780	286.249	285.833	285.528	285.327	285.227
298.415	296.210	294.288	292.617	291.168	289.918	288.846	287.934	287.166	286.531	286.016	285.615	285.320	285.125	285.029
294.662	292.889	291.343	289.999	288.834	287.829	286.967	286.233	285.616	285.105	284.691	284.368	284.131	283.975	283.897
293.387	291.761	290.343	289.110	288.041	287.119	286.328	285.655	285.089	284.620	284.241	283.945	283.727	283.584	283.513
292.532	291.004	289.672	288.513	287.510	286.643	285.900	285.268	284.736	284.296	283.939	283.661	283.456	283.322	283.255
296.764	294.749	292.992	291.465	290.141	288.999	288.019	287.185	286.484	285.903	285.433	285.066	284.797	284.619	284.531
301.128	298.611	296.417	294.509	292.855	291.428	290.204	289.163	288.287	287.561	286.974	286.516	286.179	285.957	285.847
298.493	296.279	294.349	292.671	291.217	289.962	288.885	287.969	287.198	286.560	286.044	285.641	285.344	285.149	285.052
292.454	290.935	289.611	288.459	287.461	286.600	285.861	285.233	284.704	284.266	283.912	283.635	283.432	283.298	283.232
295.751	293.853	292.198	290.759	289.512	288.435	287.512	286.727	286.066	285.519	285.076	284.730	284.476	284.309	284.226
297.845	295.706	293.841	292.220	290.814	289.601	288.561	287.676	286.931	286.314	285.815	285.426	285.139	284.951	284.857
293.482	291.845	290.418	289.176	288.101	287.172	286.376	285.699	285.129	284.657	284.275	283.977	283.757	283.613	283.542
291.777	290.336	289.080	287.987	287.040	286.223	285.522	284.926	284.424	284.009	283.673	283.410	283.217	283.090	283.027
289.377	288.212	287.197	286.313	285.548	284.887	284.321	283.839	283.433	283.097	282.826	282.613	282.457	282.355	282.304
291.108	289.743	288.554	287.520	286.624	285.850	285.187	284.623	284.148	283.755	283.436	283.188	283.005	282.885	282.825
288.663	287.580	286.636	285.815	285.104	284.490	283.963	283.515	283.138	282.826	282.573	282.376	282.231	282.136	282.088
288.788	287.691	286.735	285.903	285.182	284.560	284.026	283.572	283.190	282.874	282.618	282.418	282.271	282.174	282.126
287.168	286.257	285.463	284.772	284.174	283.657	283.214	282.838	282.520	282.258	282.045	281.880	281.758	281.677	281.637
286.613	285.766	285.027	284.385	283.829	283.349	282.937	282.586	282.291	282.047	281.850	281.695	281.582	281.507	281.470
289.334	288.174	287.163	286.283	285.521	284.863	284.299	283.819	283.415	283.081	282.810	282.599	282.444	282.341	282.291
294.151	292.436	290.942	289.643	288.516	287.544	286.711	286.001	285.405	284.911	284.511	284.199	283.969	283.818	283.743
292.986	291.405	290.028	288.830	287.792	286.896	286.127	285.474	284.924	284.468	284.099	283.812	283.600	283.461	283.392
294.137	292.425	290.932	289.633	288.508	287.537	286.704	285.996	285.399	284.906	284.506	284.194	283.965	283.814	283.739
290.854	289.519	288.356	287.344	286.466	285.710	285.060	284.508	284.043	283.658	283.347	283.104	282.925	282.807	282.749
290.117	288.867	287.777	286.830	286.008	285.299	284.691	284.174	283.739	283.378	283.087	282.859	282.692	282.582	282.527
288.938	287.824	286.852	286.007	285.275	284.643	284.101	283.640	283.252	282.930	282.671	282.468	282.318	282.220	282.171
290.660	289.347	288.203	287.208	286.345	285.601	284.963	284.420	283.963	283.584	283.278	283.039	282.863	282.748	282.690
292.075	290.599	289.313	288.195	287.225	286.389	285.671	285.061	284.547	284.122	283.778	283.509	283.312	283.182	283.117
292.282	290.783	289.476	288.339	287.354	286.504	285.775	285.155	284.633	284.201	283.851	283.578	283.377	283.245	283.180
292.801	291.242	289.883	288.701	287.677	286.793	286.035	285.390	284.847	284.398	284.034	283.750	283.542	283.404	283.336
290.703	289.385	288.237	287.238	286.372	285.625	284.985	284.439	283.981	283.601	283.294	283.054	282.877	282.761	282.703
290.213	288.952	287.852	286.896	286.067	285.352	284.739	284.217	283.778	283.415	283.120	282.891	282.722	282.611	282.556
289.843	288.624	287.562	286.638	285.837	285.146	284.554	284.050	283.625	283.274	282.990	282.768	282.605	282.497	282.444
289.954	288.723	287.649	286.716	285.907	285.209	284.610	284.100	283.671	283.316	283.029	282.805	282.640	282.532	282.478
290.511	289.216	288.086	287.104	286.253	285.518	284.888	284.352	283.901	283.528	283.226	282.990	282.816	282.702	282.646
289.383	288.217	287.201	286.317	285.551	284.890	284.323	283.841	283.435	283.099	282.827	282.615	282.459	282.356	282.305
286.792	285.924	285.168	284.510	283.940	283.448	283.026	282.667	282.365	282.115	281.913	281.755	281.638	281.562	281.524
288.477	287.415	286.490	285.685	284.988	284.386	283.870	283.431	283.061	282.755	282.508	282.314	282.172	282.079	282.032
292.100	290.621	289.333	288.212	287.241	286.403	285.684	285.072	284.558	284.131	283.787	283.517	283.319	283.189	283.125
291.534	290.120	288.889	287.817	286.889	286.088	285.400	284.816	284.324	283.916	283.587	283.329	283.140	283.016	282.954
293.987	292.292	290.814	289.528	288.415	287.453	286.629	285.927	285.337	284.848	284.453	284.144	283.917	283.768	283.694
295.432	293.570	291.947	290.536	289.313	288.258	287.352	286.582	285.934	285.397	284.963	284.624	284.375	284.211	284.129
296.170	294.223	292.526	291.051	289.772	288.668	287.722	286.916	286.239	285.678	285.224	284.869	284.608	284.437	284.352
291.760	290.321	289.066	287.975	287.030	286.214	285.514	284.918	284.417	284.002	283.667	283.405	283.212	283.085	283.022
285.307	284.610	284.003	283.474	283.017	282.622	282.283	281.994	281.752	281.551	281.388	281.262	281.168	281.107	281.076
285.080	284.410	283.825	283.317	282.876	282.496	282.169	281.892	281.658	281.465	281.308	281.186	281.096	281.037	281.008
285.307	284.610	284.003	283.474	283.017	282.622	282.283	281.994	281.752	281.551	281.388	281.262	281.168	281.107	281.076
286.665	285.812	285.069	284.422	283.861	283.378	282.963	282.610	282.313	282.067	281.868	281.713	281.598	281.523	281.486
287.345	286.413	285.602	284.896	284.284	283.756	283.303	282.918	282.594	282.325	282.108	281.938	281.814	281.732	281.691
288.076	287.061	286.176	285.406	284.739	284.163	283.669	283.249	282.896	282.603	282.366	282.181	282.045	281.956	281.911
287.458	286.514	285.691	284.975	284.354	283.819	283.360	282.969	282.640	282.368	282.148	281.976	281.849	281.766	281.725
285.080	284.410	283.825	283.317	282.876	282.496	282.169	281.892	281.658	281.465	281.308	281.186	281.096	281.037	281.008
281.660	281.382	281.141	280.931	280.749	280.591	280.457	280.342	280.245	280.165	280.101	280.050	280.013	279.989	279.977
282.590	282.206	281.871	281.579	281.327	281.109	280.922	280.763	280.630	280.519	280.429	280.359	280.308	280.274	280.257
284.401	283.809	283.292	282.843	282.453	282.117	281.829	281.584	281.378	281.207	281.069	280.961	280.881	280.829	280.803
286.213	285.412	284.713	284.106	283.580	283.126	282.736	282.405	282.126	281.895	281.708	281.562	281.455	281.384	281.349
286.665	285.812	285.069	284.422	283.861	283.378	282.963	282.610	282.313	282.067	281.868	281.713	281.598	281.523	281.486
286.892	286.013	285.246	284.580	284.002	283.504	283.076	282.713	282.407	282.153	281.948	281.788	281.670	281.593	281.554
290.175	288.918	287.823	286.870	286.044	285.331	284.720	284.200	283.763	283.400	283.107	282.878	282.710	282.599	282.544
288.024	287.015	286.135	285.369	284.706	284.134	283.643	283.226	282.874	282.583	282.348	282.164	282.029	281.940	281.896
284.401	283.809	283.292	282.843	282.453	282.117	281.829	281.584	281.378	281.207	281.069	280.961	280.881	280.829	280.803
281.684	281.404	281.160	280.948	280.764	280.605	280.469	280.353	280.255	280.175	280.109	280.058	280.021	279.996	279.984
280.343	280.217	280.107	280.012	279.930	279.858	279.797	279.745	279.701	279.665	279.636	279.613	279.596	279.585	279.580
281.338	281.097	280.888	280.706	280.548	280.412	280.295	280.196	280.112	280.043	279.987	279.943	279.911	279.890	279.879
282.106	281.778	281.491	281.242	281.026	280.840	280.680	280.544	280.430	280.335	280.258	280.199	280.155	280.126	280.111
281.334	281.094	280.885	280.703	280.546	280.410	280.293	280.194	280.111	280.042	279.986	279.942	279.910	279.889	279.878
280.242	280.128	280.028	279.942	279.867	279.802	279.747	279.699	279.660	279.627	279.600	279.579	279.564	279.554	279.549
280.879	280.691	280.528	280.386	280.263	280.157	280.066	279.988	279.923	279.869	279.825	279.791	279.766	279.749	279.741
280.100	280.003	279.917	279.843	279.779	279.723	279.676	279.635	279.601	279.573	279.550	279.532	279.519	279.511	279.506
282.590	282.206	281.871	281.579	281.327	281.109	280.922	280.763	280.630	280.519	280.429	280.359	280.308	280.274	280.257
283.948	283.408	282.937	282.527	282.172	281.865	281.602	281.379	281.191	281.035	280.909	280.810	280.738	280.690	280.667
286.665	285.812	285.069	284.422	283.861	283.378	282.963	282.610	282.313	282.067	281.868	281.713	281.598	281.523	281.486
287.571	286.614	285.779	285.054	284.425	283.882	283.416	283.020	282.687	282.411	282.188	282.014	281.885	281.801	281.759
287.458	286.514	285.691	284.975	284.354	283.819	283.360	282.969	282.640	282.368	282.148	281.976	281.849	281.766	281.725
287.231	286.313	285.513	284.817	284.213	283.693	283.246	282.866	282.547	282.282	282.068	281.901	281.778	281.697	281.657
282.024	281.705	281.426	281.185	280.975	280.794	280.639	280.507	280.396	280.304	280.229	280.171	280.128	280.100	280.086
284.741	284.109	283.558	283.080	282.665	282.306	281.999	281.738	281.518	281.336	281.189	281.074	280.989	280.933	280.906
284.288	283.708	283.203	282.764	282.383	282.054	281.773	281.533	281.331	281.164	281.029	280.923	280.846	280.794	280.769
280.665	280.502	280.360	280.237	280.130	280.038	279.959	279.891	279.835	279.788	279.750	279.720	279.698	279.684	279.677
280.439	280.302	280.183	280.079	279.989	279.912	279.845	279.789	279.741	279.702	279.670	279.645	279.626	279.614	279.608
282.929	282.506	282.137	281.816	281.538	281.298	281.092	280.917	280.770	280.648	280.549	280.472	280.415	280.378	280.359
282.590	282.206	281.871	281.579	281.327	281.109	280.922	280.763	280.630	280.519	280.429	280.359	280.308	280.274	280.257
285.080	284.410	283.825	283.317	282.876	282.496	282.169	281.892	281.658	281.465	281.308	281.186	281.096	281.037	281.008
280.892	280.703	280.538	280.395	280.271	280.164	280.072	279.994	279.928	279.874	279.830	279.795	279.770	279.753	279.745
281.910	281.604	281.338	281.106	280.904	280.731	280.582	280.455	280.349	280.261	280.189	280.134	280.093	280.066	280.052
288.364	287.315	286.401	285.606	284.918	284.323	283.813	283.379	283.014	282.712	282.468	282.277	282.136	282.044	281.998
288.137	287.115	286.224	285.448	284.777	284.197	283.700	283.277	282.921	282.626	282.388	282.202	282.065	281.974	281.930
289.043	287.916	286.934	286.080	285.340	284.701	284.153	283.687	283.295	282.970	282.707	282.502	282.351	282.252	282.203
290.401	289.119	288.000	287.028	286.185	285.457	284.834	284.303	283.856	283.486	283.187	282.954	282.782	282.669	282.613
285.194	284.510	283.914	283.395	282.946	282.559	282.226	281.943	281.705	281.508	281.348	281.224	281.132	281.072	281.042
283.835	283.308	282.848	282.448	282.101	281.802	281.546	281.328	281.144	280.992	280.869	280.773	280.702	280.656	280.633
288.930	287.816	286.845	286.001	285.270	284.638	284.097	283.636	283.248	282.927	282.667	282.465	282.316	282.217	282.169
288.364	287.315	286.401	285.606	284.918	284.323	283.813	283.379	283.014	282.712	282.468	282.277	282.136	282.044	281.998
279.650	279.604	279.564	279.529	279.499	279.473	279.450	279.431	279.415	279.402	279.391	279.383	279.377	279.373	279.371
284.854	284.209	283.647	283.159	282.735	282.369	282.056	281.789	281.565	281.379	281.229	281.111	281.025	280.968	280.940
281.005	280.803	280.627	280.474	280.341	280.227	280.129	280.045	279.975	279.917	279.870	279.833	279.806	279.788	279.779
278.288	278.398	278.495	278.579	278.652	278.714	278.768	278.814	278.853	278.884	278.910	278.930	278.945	278.955	278.960
282.137	281.805	281.515	281.264	281.045	280.857	280.695	280.558	280.442	280.347	280.269	280.209	280.164	280.135	280.121
282.363	282.005	281.693	281.421	281.186	280.983	280.809	280.661	280.536	280.433	280.349	280.284	280.236	280.204	280.189
281.684	281.404	281.160	280.948	280.764	280.605	280.469	280.353	280.255	280.175	280.109	280.058	280.021	279.996	279.984
281.118	280.903	280.716	280.553	280.412	280.290	280.185	280.096	280.022	279.960	279.910	279.870	279.842	279.823	279.813
280.099	280.001	279.916	279.842	279.778	279.723	279.675	279.635	279.601	279.573	279.550	279.532	279.519	279.510	279.506
280.439	280.302	280.183	280.079	279.989	279.912	279.845	279.789	279.741	279.702	279.670	279.645	279.626	279.614	279.608
284.175	283.608	283.114	282.685	282.313	281.991	281.716	281.481	281.284	281.121	280.989	280.886	280.810	280.760	280.735
282.703	282.306	281.959	281.658	281.397	281.172	280.979	280.815	280.676	280.562	280.469	280.397	280.344	280.309	280.291
281.005	280.803	280.627	280.474	280.341	280.227	280.129	280.045	279.975	279.917	279.870	279.833	279.806	279.788	279.779
278.627	278.699	278.761	278.816	278.863	278.903	278.938	278.968	278.993	279.013	279.030	279.043	279.053	279.059	279.062
275.910	276.294	276.629	276.921	277.173	277.391	277.578	277.737	277.870	277.981	278.071	278.141	278.192	278.226	278.243
277.156	277.397	277.607	277.789	277.948	278.084	278.201	278.301	278.385	278.454	278.511	278.554	278.587	278.608	278.618
278.854	278.899	278.939	278.974	279.004	279.029	279.052	279.070	279.086	279.099	279.110	279.118	279.125	279.129	279.131
273.759	274.391	274.942	275.420	275.835	276.194	276.501	276.762	276.982	277.164	277.311	277.426	277.511	277.567	277.594
278.061	278.198	278.317	278.421	278.511	278.588	278.655	278.711	278.759	278.798	278.830	278.855	278.874	278.886	278.892
273.533	274.190	274.764	275.262	275.695	276.068	276.387	276.659	276.888	277.078	277.231	277.351	277.439	277.497	277.526
278.288	278.398	278.495	278.579	278.652	278.714	278.768	278.814	278.853	278.884	278.910	278.930	278.945	278.955	278.960
277.835	277.998	278.140	278.263	278.370	278.462	278.541	278.609	278.665	278.712	278.750	278.780	278.802	278.816	278.823
277.948	278.098	278.228	278.342	278.440	278.525	278.598	278.660	278.712	278.755	278.790	278.818	278.838	278.851	278.857
276.137	276.495	276.807	277.079	277.314	277.517	277.691	277.839	277.964	278.067	278.151	278.216	278.264	278.296	278.311
278.401	278.499	278.584	278.658	278.722	278.777	278.825	278.865	278.899	278.927	278.950	278.968	278.981	278.990	278.994
275.231	275.693	276.096	276.447	276.751	277.013	277.238	277.429	277.590	277.723	277.831	277.915	277.977	278.018	278.038
277.608	277.797	277.962	278.105	278.229	278.336	278.428	278.506	278.572	278.626	278.670	278.705	278.730	278.747	278.755
273.306	273.990	274.586	275.105	275.554	275.941	276.274	276.557	276.795	276.992	277.152	277.276	277.368	277.428	277.458
276.929	277.196	277.429	277.631	277.807	277.958	278.088	278.198	278.291	278.368	278.431	278.479	278.515	278.539	278.550
276.590	276.896	277.162	277.394	277.596	277.769	277.918	278.045	278.151	278.239	278.311	278.366	278.407	278.434	278.448
278.854	278.899	278.939	278.974	279.004	279.029	279.052	279.070	279.086	279.099	279.110	279.118	279.125	279.129	279.131
279.533	279.500	279.472	279.447	279.426	279.408	279.392	279.378	279.367	279.358	279.350	279.344	279.340	279.337	279.335
278.061	278.198	278.317	278.421	278.511	278.588	278.655	278.711	278.759	278.798	278.830	278.855	278.874	278.886	278.892
276.929	277.196	277.429	277.631	277.807	277.958	278.088	278.198	278.291	278.368	278.431	278.479	278.515	278.539	278.550
278.061	278.198	278.317	278.421	278.511	278.588	278.655	278.711	278.759	278.798	278.830	278.855	278.874	278.886	278.892
273.193	273.890	274.497	275.026	275.483	275.878	276.217	276.506	276.748	276.949	277.112	277.238	277.332	277.393	277.424
272.061	272.888	273.609	274.236	274.779	275.248	275.650	275.993	276.281	276.519	276.712	276.862	276.973	277.046	277.082
273.759	274.391	274.942	275.420	275.835	276.194	276.501	276.762	276.982	277.164	277.311	277.426	277.511	277.567	277.594
275.118	275.593	276.008	276.368	276.680	276.950	277.181	277.378	277.543	277.680	277.791	277.878	277.941	277.983	278.004
272.627	273.389	274.053	274.631	275.131	275.563	275.934	276.249	276.514	276.734	276.912	277.050	277.153	277.220	277.253
272.627	273.389	274.053	274.631	275.131	275.563	275.934	276.249	276.514	276.734	276.912	277.050	277.153	277.220	277.253
277.722	277.897	278.051	278.184	278.300	278.399	278.485	278.557	278.619	278.669	278.710	278.742	278.766	278.781	278.789
281.571	281.304	281.071	280.869	280.693	280.542	280.412	280.302	280.209	280.132	280.069	280.021	279.985	279.961	279.950
280.778	280.603	280.449	280.316	280.200	280.101	280.015	279.943	279.881	279.831	279.790	279.758	279.734	279.719	279.711
278.401	278.499	278.584	278.658	278.722	278.777	278.825	278.865	278.899	278.927	278.950	278.968	278.981	278.990	278.994
273.646	274.291	274.853	275.341	275.765	276.131	276.444	276.711	276.935	277.121	277.271	277.389	277.475	277.532	277.560
271.721	272.587	273.342	273.999	274.568	275.059	275.480	275.839	276.140	276.390	276.592	276.750	276.866	276.942	276.980
271.608	272.487	273.254	273.920	274.498	274.996	275.424	275.787	276.093	276.347	276.552	276.712	276.830	276.907	276.946
275.797	276.194	276.541	276.842	277.103	277.328	277.521	277.685	277.824	277.938	278.031	278.103	278.156	278.191	278.209
275.797	276.194	276.541	276.842	277.103	277.328	277.521	277.685	277.824	277.938	278.031	278.103	278.156	278.191	278.209
277.156	277.397	277.607	277.789	277.948	278.084	278.201	278.301	278.385	278.454	278.511	278.554	278.587	278.608	278.618
277.269	277.497	277.695	277.868	278.018	278.147	278.258	278.352	278.432	278.497	278.551	278.592	278.623	278.643	278.653
277.722	277.897	278.051	278.184	278.300	278.399	278.485	278.557	278.619	278.669	278.710	278.742	278.766	278.781	278.789
275.005	275.493	275.919	276.289	276.610	276.887	277.124	277.326	277.496	277.637	277.751	277.840	277.905	277.949	277.970
277.269	277.497	277.695	277.868	278.018	278.147	278.258	278.352	278.432	278.497	278.551	278.592	278.623	278.643	278.653
281.005	280.803	280.627	280.474	280.341	280.227	280.129	280.045	279.975	279.917	279.870	279.833	279.806	279.788	279.779
279.307	279.300	279.294	279.289	279.285	279.282	279.278	279.276	279.273	279.272	279.270	279.269	279.268	279.267	279.267
284.514	283.909	283.381	282.922	282.524	282.180	281.886	281.635	281.424	281.250	281.109	280.998	280.917	280.864	280.837
282.477	282.105	281.782	281.500	281.257	281.046	280.866	280.712	280.583	280.476	280.389	280.322	280.272	280.239	280.223
277.269	277.497	277.695	277.868	278.018	278.147	278.258	278.352	278.432	278.497	278.551	278.592	278.623	278.643	278.653
278.288	278.398	278.495	278.579	278.652	278.714	278.768	278.814	278.853	278.884	278.910	278.930	278.945	278.955	278.960
280.665	280.502	280.360	280.237	280.130	280.038	279.959	279.891	279.835	279.788	279.750	279.720	279.698	279.684	279.677
277.608	277.797	277.962	278.105	278.229	278.336	278.428	278.506	278.572	278.626	278.670	278.705	278.730	278.747	278.755
274.665	275.192	275.652	276.052	276.399	276.698	276.954	277.172	277.356	277.508	277.631	277.727	277.798	277.844	277.867
274.438	274.992	275.475	275.894	276.258	276.572	276.841	277.070	277.263	277.422	277.551	277.652	277.726	277.775	277.799
274.031	274.631	275.155	275.610	276.004	276.345	276.637	276.885	277.094	277.267	277.407	277.517	277.597	277.650	277.676
276.570	276.879	277.147	277.381	277.584	277.758	277.908	278.036	278.143	278.232	278.304	278.360	278.401	278.428	278.442
276.886	277.158	277.395	277.601	277.780	277.934	278.066	278.179	278.274	278.352	278.415	278.465	278.501	278.525	278.537
277.615	277.803	277.967	278.110	278.233	278.340	278.431	278.509	278.575	278.629	278.673	278.707	278.732	278.749	278.757
274.880	275.383	275.821	276.202	276.532	276.817	277.062	277.270	277.445	277.590	277.707	277.799	277.866	277.910	277.932
276.385	276.714	277.002	277.251	277.468	277.655	277.815	277.952	278.066	278.161	278.238	278.298	278.343	278.372	278.386
281.462	281.208	280.986	280.793	280.626	280.481	280.358	280.252	280.164	280.090	280.031	279.985	279.951	279.928	279.917
279.944	279.864	279.795	279.734	279.682	279.636	279.597	279.564	279.537	279.514	279.495	279.480	279.470	279.463	279.459
280.746	280.573	280.424	280.293	280.180	280.082	279.999	279.928	279.868	279.818	279.778	279.747	279.724	279.708	279.701
278.656	278.724	278.784	278.835	278.880	278.919	278.952	278.981	279.004	279.024	279.040	279.053	279.062	279.068	279.071
277.953	278.102	278.232	278.345	278.443	278.528	278.600	278.662	278.714	278.757	278.792	278.819	278.839	278.852	278.859
275.122	275.597	276.011	276.371	276.683	276.952	277.183	277.380	277.545	277.682	277.793	277.879	277.943	277.985	278.005
273.476	274.140	274.719	275.223	275.659	276.036	276.359	276.634	276.865	277.057	277.211	277.332	277.421	277.480	277.509
274.946	275.441	275.873	276.248	276.573	276.854	277.095	277.300	277.472	277.615	277.730	277.820	277.887	277.930	277.952
274.255	274.830	275.331	275.766	276.144	276.470	276.749	276.987	277.187	277.352	277.486	277.591	277.668	277.719	277.744
276.226	276.574	276.877	277.141	277.370	277.567	277.736	277.880	278.001	278.101	278.182	278.246	278.292	278.323	278.338
277.754	277.927	278.076	278.207	278.320	278.418	278.501	278.572	278.632	278.682	278.722	278.753	278.776	278.792	278.799
276.318	276.655	276.949	277.205	277.427	277.618	277.782	277.921	278.039	278.136	278.215	278.276	278.321	278.351	278.366
274.201	274.782	275.288	275.728	276.110	276.439	276.722	276.962	277.164	277.332	277.467	277.573	277.651	277.702	277.727
269.832	270.915	271.860	272.681	273.393	274.007	274.534	274.983	275.360	275.672	275.925	276.122	276.267	276.363	276.410
269.276	270.423	271.424	272.294	273.047	273.698	274.256	274.731	275.130	275.461	275.729	275.938	276.091	276.192	276.242
267.570	268.914	270.085	271.104	271.986	272.748	273.402	273.958	274.425	274.813	275.126	275.371	275.551	275.669	275.728
273.768	274.399	274.949	275.427	275.841	276.199	276.505	276.766	276.986	277.168	277.315	277.429	277.514	277.570	277.597
272.033	272.863	273.587	274.216	274.762	275.232	275.636	275.980	276.269	276.508	276.702	276.853	276.964	277.037	277.074
265.447	267.035	268.419	269.623	270.666	271.567	272.339	272.996	273.549	274.006	274.377	274.666	274.879	275.019	275.088
266.235	267.732	269.038	270.173	271.156	272.005	272.733	273.353	273.874	274.306	274.655	274.928	275.128	275.260	275.326
277.625	277.812	277.975	278.117	278.240	278.346	278.437	278.514	278.579	278.633	278.676	278.710	278.735	278.752	278.760
276.717	277.009	277.263	277.484	277.675	277.840	277.982	278.102	278.204	278.288	278.356	278.409	278.448	278.474	278.486
272.476	273.256	273.935	274.526	275.038	275.480	275.858	276.181	276.452	276.677	276.859	277.000	277.105	277.174	277.208
273.787	274.416	274.964	275.440	275.853	276.209	276.515	276.775	276.994	277.175	277.321	277.436	277.520	277.575	277.603
274.887	275.389	275.826	276.207	276.537	276.821	277.065	277.273	277.448	277.592	277.710	277.801	277.868	277.912	277.934
279.581	279.543	279.509	279.481	279.456	279.434	279.416	279.400	279.387	279.376	279.367	279.360	279.355	279.351	279.350
274.177	274.761	275.269	275.712	276.095	276.426	276.710	276.951	277.155	277.323	277.459	277.565	277.643	277.695	277.720
271.549	272.435	273.207	273.879	274.461	274.963	275.394	275.761	276.069	276.325	276.531	276.693	276.811	276.889	276.928
272.488	273.266	273.944	274.534	275.045	275.486	275.864	276.186	276.457	276.681	276.863	277.004	277.108	277.177	277.211
273.344	274.023	274.615	275.131	275.577	275.962	276.293	276.574	276.810	277.006	277.165	277.288	277.379	277.439	277.469
276.533	276.845	277.118	277.355	277.560	277.738	277.890	278.019	278.128	278.218	278.291	278.348	278.390	278.417	278.431
280.456	280.317	280.196	280.091	280.000	279.921	279.854	279.796	279.748	279.708	279.676	279.650	279.632	279.620	279.614
277.399	277.612	277.798	277.959	278.099	278.220	278.323	278.411	278.485	278.547	278.596	278.635	278.664	278.683	278.692
278.575	278.653	278.721	278.779	278.830	278.874	278.912	278.944	278.971	278.994	279.012	279.026	279.036	279.043	279.047
276.962	277.225	277.455	277.654	277.827	277.976	278.104	278.213	278.305	278.381	278.442	278.490	278.525	278.549	278.560
276.148	276.505	276.816	277.086	277.321	277.523	277.697	277.844	277.969	278.072	278.155	278.220	278.268	278.299	278.315
276.967	277.229	277.458	277.657	277.830	277.979	278.107	278.215	278.307	278.383	278.444	278.492	278.527	278.550	278.561
278.214	278.333	278.437	278.528	278.606	278.673	278.731	278.781	278.822	278.856	278.884	278.906	278.922	278.932	278.938
277.441	277.649	277.830	277.988	278.125	278.243	278.344	278.430	278.503	278.563	278.611	278.649	278.677	278.695	278.704
282.257	281.911	281.609	281.347	281.120	280.924	280.756	280.612	280.492	280.392	280.312	280.249	280.202	280.172	280.157
279.444	279.421	279.402	279.385	279.370	279.358	279.347	279.338	279.330	279.324	279.318	279.314	279.311	279.309	279.308
276.196	276.547	276.853	277.120	277.351	277.550	277.721	277.866	277.988	278.090	278.172	278.236	278.283	278.314	278.329
276.078	276.443	276.761	277.038	277.277	277.484	277.662	277.813	277.940	278.045	278.130	278.196	278.245	278.278	278.293
277.528	277.726	277.899	278.049	278.179	278.291	278.388	278.470	278.539	278.596	278.642	278.678	278.705	278.722	278.731
279.596	279.557	279.522	279.492	279.465	279.443	279.423	279.407	279.393	279.382	279.372	279.365	279.360	279.356	279.354
279.831	279.764	279.706	279.655	279.611	279.573	279.541	279.513	279.490	279.471	279.455	279.443	279.434	279.428	279.425
276.476	276.795	277.074	277.315	277.525	277.706	277.861	277.993	278.104	278.196	278.271	278.329	278.372	278.400	278.414
276.198	276.549	276.855	277.121	277.352	277.551	277.722	277.867	277.989	278.090	278.172	278.236	278.283	278.314	278.330
277.573	277.766	277.934	278.081	278.207	278.317	278.410	278.490	278.557	278.613	278.658	278.693	278.719	278.736	278.744
279.781	279.720	279.667	279.620	279.580	279.546	279.516	279.491	279.469	279.452	279.437	279.426	279.418	279.413	279.410
281.227	280.999	280.801	280.629	280.479	280.350	280.240	280.146	280.066	280.001	279.948	279.906	279.876	279.856	279.846
279.922	279.845	279.778	279.719	279.668	279.624	279.587	279.555	279.528	279.505	279.487	279.473	279.463	279.456	279.453
276.417	276.743	277.027	277.274	277.488	277.673	277.832	277.967	278.080	278.174	278.250	278.309	278.353	278.382	278.396
276.894	277.165	277.401	277.607	277.785	277.939	278.070	278.183	278.277	278.355	278.418	278.468	278.504	278.528	278.540
275.710	276.117	276.472	276.781	277.048	277.279	277.477	277.646	277.788	277.905	278.000	278.074	278.129	278.165	278.183
278.601	278.676	278.741	278.798	278.847	278.889	278.925	278.956	278.982	279.004	279.021	279.035	279.045	279.051	279.054
277.507	277.707	277.882	278.034	278.166	278.279	278.377	278.460	278.530	278.588	278.634	278.671	278.698	278.716	278.724
276.805	277.086	277.331	277.544	277.729	277.889	278.026	278.142	278.240	278.321	278.387	278.438	278.476	278.500	278.513
275.656	276.069	276.429	276.743	277.015	277.249	277.450	277.621	277.765	277.884	277.981	278.056	278.112	278.148	278.166
277.075	277.325	277.543	277.733	277.898	278.039	278.161	278.265	278.352	278.424	278.482	278.528	278.561	278.583	278.594
279.418	279.398	279.381	279.367	279.354	279.343	279.334	279.326	279.319	279.314	279.309	279.306	279.303	279.301	279.301
281.900	281.596	281.330	281.099	280.898	280.725	280.577	280.451	280.345	280.257	280.186	280.130	280.089	280.063	280.049
282.485	282.113	281.788	281.506	281.262	281.051	280.870	280.716	280.586	280.479	280.392	280.324	280.275	280.242	280.225
280.262	280.145	280.044	279.956	279.879	279.813	279.756	279.708	279.668	279.634	279.607	279.586	279.570	279.560	279.555
278.062	278.199	278.318	278.422	278.511	278.589	278.655	278.712	278.759	278.799	278.831	278.856	278.874	278.886	278.892
279.850	279.781	279.720	279.668	279.623	279.584	279.550	279.522	279.498	279.478	279.462	279.449	279.440	279.434	279.431
276.141	276.499	276.811	277.082	277.317	277.519	277.693	277.841	277.966	278.069	278.152	278.218	278.265	278.297	278.313
281.438	281.187	280.967	280.776	280.611	280.468	280.346	280.242	280.154	280.081	280.023	279.977	279.943	279.921	279.910
282.409	282.045	281.728	281.453	281.214	281.008	280.832	280.681	280.555	280.450	280.365	280.299	280.250	280.218	280.202
282.696	282.300	281.954	281.654	281.393	281.168	280.976	280.811	280.673	280.559	280.467	280.395	280.341	280.306	280.289
281.993	281.678	281.402	281.163	280.956	280.777	280.624	280.493	280.383	280.292	280.218	280.161	280.119	280.091	280.077
283.026	282.591	282.213	281.883	281.598	281.352	281.140	280.961	280.810	280.684	280.583	280.504	280.446	280.407	280.388
286.850	285.976	285.214	284.551	283.976	283.481	283.055	282.694	282.389	282.137	281.933	281.774	281.657	281.580	281.542
285.194	284.510	283.914	283.395	282.946	282.559	282.226	281.943	281.705	281.508	281.348	281.224	281.132	281.072	281.042
280.005	279.918	279.843	279.777	279.720	279.670	279.628	279.592	279.562	279.537	279.517	279.501	279.489	279.481	279.478
278.007	278.150	278.275	278.383	278.477	278.558	278.628	278.687	278.737	278.778	278.811	278.837	278.856	278.869	278.875
276.213	276.562	276.867	277.131	277.361	277.559	277.729	277.874	277.995	278.096	278.178	278.241	278.288	278.319	278.334
276.637	276.938	277.200	277.428	277.625	277.796	277.942	278.066	278.171	278.257	278.328	278.382	278.423	278.449	278.462
277.732	277.907	278.059	278.192	278.306	278.405	278.490	278.562	278.623	278.674	278.714	278.746	278.769	278.785	278.792
279.308	279.301	279.295	279.290	279.286	279.282	279.279	279.276	279.274	279.272	279.270	279.269	279.268	279.268	279.267
278.255	278.369	278.469	278.556	278.631	278.696	278.752	278.799	278.839	278.872	278.899	278.920	278.935	278.945	278.950
280.690	280.524	280.380	280.254	280.146	280.052	279.971	279.903	279.845	279.797	279.758	279.728	279.706	279.691	279.684
284.111	283.552	283.064	282.640	282.273	281.956	281.684	281.453	281.258	281.097	280.966	280.864	280.789	280.740	280.716
281.538	281.274	281.045	280.845	280.673	280.523	280.395	280.287	280.195	280.119	280.058	280.010	279.974	279.951	279.940
282.614	282.227	281.889	281.596	281.342	281.122	280.934	280.774	280.639	280.528	280.438	280.367	280.315	280.281	280.264
285.360	284.658	284.045	283.512	283.050	282.651	282.310	282.019	281.774	281.571	281.407	281.279	281.185	281.123	281.093
286.565	285.724	284.990	284.352	283.799	283.322	282.913	282.565	282.272	282.029	281.833	281.679	281.567	281.493	281.456
280.778	280.603	280.449	280.316	280.200	280.101	280.015	279.943	279.881	279.831	279.790	279.758	279.734	279.719	279.711
283.090	282.648	282.263	281.928	281.638	281.388	281.173	280.990	280.836	280.709	280.606	280.525	280.466	280.427	280.408
285.879	285.117	284.452	283.874	283.373	282.940	282.569	282.254	281.988	281.768	281.591	281.452	281.349	281.282	281.249
288.954	287.837	286.864	286.018	285.284	284.651	284.109	283.647	283.258	282.936	282.676	282.473	282.323	282.225	282.176
284.170	283.604	283.111	282.682	282.310	281.989	281.714	281.479	281.282	281.119	280.987	280.884	280.808	280.758	280.734
281.887	281.583	281.319	281.089	280.890	280.718	280.570	280.445	280.339	280.252	280.181	280.126	280.085	280.058	280.045
282.941	282.516	282.146	281.824	281.545	281.304	281.098	280.922	280.774	280.652	280.553	280.476	280.419	280.381	280.363
282.261	281.915	281.613	281.350	281.123	280.926	280.758	280.615	280.494	280.394	280.313	280.250	280.204	280.173	280.158
283.089	282.647	282.262	281.928	281.637	281.387	281.172	280.989	280.836	280.708	280.605	280.525	280.466	280.427	280.408
283.278	282.814	282.410	282.059	281.755	281.492	281.267	281.075	280.914	280.780	280.672	280.588	280.526	280.485	280.464
279.699	279.647	279.602	279.563	279.529	279.500	279.475	279.453	279.435	279.420	279.408	279.399	279.392	279.388	279.385
279.023	279.049	279.072	279.092	279.109	279.124	279.136	279.147	279.156	279.164	279.170	279.175	279.178	279.180	279.181
278.660	278.727	278.787	278.838	278.883	278.921	278.954	278.982	279.006	279.026	279.042	279.054	279.063	279.069	279.072
280.921	280.729	280.561	280.416	280.289	280.180	280.087	280.007	279.940	279.885	279.840	279.805	279.779	279.762	279.754
279.281	279.278	279.275	279.272	279.270	279.268	279.266	279.264	279.263	279.262	279.261	279.260	279.260	279.260	279.259
282.537	282.159	281.829	281.543	281.294	281.080	280.896	280.740	280.608	280.499	280.411	280.342	280.291	280.258	280.241
287.585	286.627	285.791	285.064	284.434	283.890	283.424	283.027	282.693	282.417	282.193	282.018	281.890	281.805	281.763
287.002	286.110	285.332	284.656	284.070	283.565	283.131	282.762	282.452	282.195	281.987	281.824	281.705	281.626	281.587
286.520	285.684	284.955	284.321	283.771	283.297	282.890	282.544	282.253	282.012	281.817	281.664	281.552	281.479	281.442
285.869	285.107	284.443	283.866	283.366	282.934	282.564	282.249	281.984	281.764	281.587	281.448	281.346	281.279	281.246
285.337	284.637	284.026	283.496	283.035	282.638	282.298	282.008	281.764	281.562	281.399	281.272	281.178	281.116	281.085
288.998	287.877	286.899	286.049	285.312	284.676	284.131	283.667	283.276	282.953	282.692	282.487	282.337	282.238	282.189
290.155	288.901	287.807	286.856	286.032	285.320	284.710	284.191	283.754	283.393	283.100	282.872	282.704	282.593	282.538
288.994	287.873	286.896	286.046	285.310	284.674	284.129	283.665	283.275	282.952	282.690	282.486	282.336	282.237	282.188
288.299	287.258	286.351	285.561	284.877	284.287	283.781	283.350	282.988	282.688	282.445	282.255	282.116	282.024	281.979
288.388	287.337	286.420	285.623	284.933	284.337	283.825	283.390	283.025	282.721	282.476	282.285	282.144	282.051	282.005
289.673	288.474	287.429	286.520	285.732	285.052	284.469	283.973	283.555	283.210	282.930	282.712	282.551	282.445	282.393
286.576	285.734	284.999	284.360	283.806	283.328	282.918	282.570	282.276	282.033	281.837	281.683	281.570	281.496	281.459
279.912	279.836	279.770	279.712	279.662	279.619	279.582	279.550	279.524	279.502	279.484	279.470	279.460	279.453	279.450
280.166	280.061	279.969	279.889	279.820	279.760	279.709	279.665	279.629	279.598	279.574	279.554	279.540	279.531	279.526
278.908	278.947	278.982	279.012	279.037	279.060	279.079	279.095	279.109	279.120	279.129	279.136	279.142	279.145	279.147
282.097	281.770	281.484	281.236	281.021	280.835	280.676	280.540	280.426	280.332	280.255	280.196	280.152	280.123	280.109
286.746	285.884	285.132	284.478	283.912	283.423	283.003	282.647	282.346	282.098	281.897	281.740	281.624	281.548	281.510
286.211	285.410	284.712	284.105	283.579	283.125	282.735	282.404	282.125	281.894	281.708	281.562	281.454	281.384	281.349
284.899	284.249	283.683	283.190	282.763	282.395	282.079	281.810	281.583	281.396	281.245	281.126	281.039	280.982	280.953
286.043	285.261	284.580	283.988	283.474	283.031	282.651	282.328	282.056	281.831	281.648	281.506	281.401	281.332	281.298
284.856	284.211	283.649	283.160	282.736	282.371	282.057	281.790	281.566	281.380	281.229	281.112	281.025	280.969	280.940
284.288	283.708	283.203	282.764	282.383	282.054	281.772	281.533	281.331	281.164	281.029	280.923	280.845	280.794	280.769
283.983	283.439	282.964	282.551	282.194	281.885	281.620	281.395	281.205	281.048	280.921	280.822	280.749	280.701	280.677
283.387	282.911	282.497	282.136	281.823	281.553	281.322	281.125	280.959	280.822	280.711	280.624	280.560	280.518	280.498
280.871	280.685	280.522	280.381	280.258	280.153	280.062	279.985	279.920	279.866	279.822	279.789	279.764	279.747	279.739
282.352	281.995	281.684	281.414	281.179	280.977	280.803	280.656	280.531	280.429	280.345	280.280	280.233	280.201	280.185
284.926	284.273	283.704	283.209	282.780	282.410	282.092	281.822	281.595	281.406	281.254	281.135	281.048	280.990	280.962
286.503	285.668	284.941	284.308	283.760	283.287	282.881	282.536	282.246	282.005	281.811	281.659	281.547	281.473	281.437
286.230	285.427	284.727	284.118	283.590	283.135	282.745	282.412	282.133	281.901	281.714	281.568	281.460	281.390	281.355
286.806	285.937	285.179	284.520	283.949	283.456	283.033	282.674	282.371	282.120	281.918	281.759	281.643	281.566	281.528
292.799	291.240	289.882	288.700	287.676	286.792	286.034	285.389	284.847	284.397	284.034	283.750	283.541	283.404	283.336
296.197	294.248	292.548	291.070	289.789	288.684	287.736	286.929	286.250	285.688	285.233	284.878	284.617	284.445	284.360
297.323	295.244	293.431	291.855	290.489	289.310	288.299	287.439	286.715	286.116	285.631	285.252	284.974	284.790	284.700
290.218	288.956	287.856	286.899	286.070	285.355	284.742	284.219	283.780	283.416	283.122	282.892	282.723	282.612	282.557
290.491	289.198	288.070	287.090	286.240	285.507	284.878	284.343	283.893	283.520	283.219	282.983	282.810	282.696	282.639
290.435	289.148	288.027	287.051	286.206	285.476	284.850	284.318	283.870	283.499	283.199	282.965	282.792	282.679	282.623
293.615	291.963	290.522	289.269	288.183	287.246	286.443	285.759	285.184	284.707	284.322	284.021	283.799	283.654	283.582
288.170	287.144	286.249	285.471	284.797	284.215	283.716	283.292	282.934	282.639	282.399	282.212	282.075	281.985	281.940
282.494	282.120	281.795	281.512	281.267	281.056	280.874	280.720	280.590	280.482	280.395	280.327	280.277	280.244	280.228
281.804	281.510	281.254	281.031	280.838	280.672	280.529	280.407	280.305	280.220	280.152	280.098	280.059	280.033	280.020
284.752	284.119	283.567	283.087	282.671	282.312	282.005	281.743	281.522	281.340	281.192	281.077	280.992	280.937	280.909
286.612	285.765	285.026	284.384	283.828	283.348	282.936	282.586	282.291	282.047	281.849	281.695	281.581	281.507	281.470
284.217	283.646	283.148	282.714	282.339	282.015	281.737	281.501	281.302	281.137	281.004	280.900	280.823	280.773	280.748
287.930	286.932	286.061	285.304	284.648	284.082	283.596	283.183	282.835	282.548	282.315	282.133	281.999	281.911	281.867
289.502	288.323	287.294	286.400	285.625	284.957	284.383	283.895	283.485	283.145	282.870	282.655	282.497	282.393	282.341
292.086	290.610	289.322	288.203	287.233	286.395	285.677	285.066	284.552	284.126	283.782	283.513	283.315	283.185	283.121
288.251	287.216	286.313	285.528	284.848	284.261	283.757	283.329	282.968	282.670	282.428	282.239	282.101	282.010	281.964
289.841	288.622	287.560	286.637	285.836	285.145	284.553	284.049	283.625	283.273	282.989	282.767	282.604	282.497	282.443
295.064	293.244	291.659	290.279	289.084	288.053	287.168	286.415	285.782	285.257	284.833	284.502	284.258	284.098	284.018
298.629	296.400	294.456	292.766	291.301	290.037	288.953	288.031	287.255	286.612	286.092	285.686	285.387	285.191	285.094
296.415	294.441	292.719	291.222	289.925	288.805	287.845	287.028	286.340	285.771	285.310	284.951	284.686	284.512	284.426
297.332	295.252	293.439	291.862	290.495	289.315	288.304	287.443	286.719	286.119	285.634	285.255	284.977	284.793	284.702
291.401	290.003	288.785	287.725	286.806	286.014	285.334	284.756	284.269	283.866	283.540	283.286	283.098	282.975	282.914
290.885	289.546	288.379	287.365	286.485	285.726	285.076	284.522	284.056	283.670	283.358	283.114	282.935	282.817	282.758
287.747	286.769	285.917	285.176	284.534	283.980	283.504	283.100	282.760	282.478	282.250	282.072	281.941	281.855	281.812
287.173	286.261	285.467	284.776	284.177	283.660	283.217	282.840	282.522	282.260	282.047	281.881	281.759	281.679	281.639
288.272	287.234	286.329	285.542	284.860	284.272	283.767	283.338	282.976	282.677	282.435	282.246	282.107	282.016	281.970
286.922	286.040	285.270	284.601	284.021	283.521	283.092	282.726	282.419	282.165	281.959	281.798	281.680	281.602	281.564
289.005	287.883	286.905	286.054	285.316	284.680	284.134	283.670	283.279	282.956	282.694	282.490	282.339	282.241	282.192
288.669	287.586	286.641	285.820	285.108	284.493	283.966	283.518	283.141	282.828	282.576	282.378	282.233	282.138	282.090
288.239	287.205	286.303	285.520	284.840	284.254	283.751	283.323	282.963	282.665	282.424	282.235	282.097	282.006	281.961
287.313	286.386	285.577	284.874	284.264	283.738	283.287	282.903	282.581	282.313	282.097	281.928	281.804	281.722	281.681
287.009	286.117	285.338	284.662	284.075	283.569	283.135	282.766	282.455	282.198	281.989	281.827	281.707	281.629	281.590
287.414	286.475	285.656	284.944	284.327	283.795	283.338	282.949	282.622	282.351	282.132	281.961	281.836	281.753	281.712
286.727	285.867	285.117	284.465	283.900	283.412	282.994	282.638	282.338	282.090	281.890	281.733	281.618	281.542	281.505
287.171	286.260	285.465	284.774	284.176	283.659	283.216	282.839	282.522	282.259	282.047	281.881	281.759	281.678	281.638
284.825	284.184	283.625	283.139	282.717	282.354	282.042	281.776	281.553	281.368	281.218	281.102	281.016	280.959	280.931
286.566	285.724	284.990	284.352	283.799	283.322	282.913	282.565	282.272	282.029	281.833	281.680	281.567	281.493	281.456
289.741	288.534	287.482	286.567	285.774	285.090	284.503	284.004	283.583	283.236	282.954	282.734	282.573	282.466	282.413
291.601	290.181	288.942	287.865	286.931	286.125	285.434	284.847	284.352	283.942	283.611	283.352	283.162	283.036	282.974
288.503	287.438	286.510	285.703	285.004	284.401	283.883	283.443	283.072	282.765	282.517	282.323	282.180	282.087	282.040
287.807	286.823	285.964	285.218	284.571	284.013	283.535	283.127	282.784	282.501	282.271	282.092	281.960	281.873	281.830
287.095	286.193	285.406	284.722	284.129	283.617	283.178	282.805	282.491	282.230	282.020	281.856	281.735	281.655	281.616
286.538	285.700	284.969	284.333	283.782	283.307	282.899	282.552	282.260	282.019	281.823	281.670	281.558	281.484	281.448
290.151	288.897	287.804	286.853	286.029	285.318	284.708	284.189	283.753	283.391	283.099	282.870	282.702	282.592	282.537
295.938	294.018	292.345	290.889	289.628	288.539	287.606	286.811	286.143	285.590	285.142	284.792	284.535	284.366	284.282
295.789	293.886	292.228	290.785	289.535	288.456	287.531	286.744	286.081	285.533	285.089	284.743	284.488	284.320	284.237
297.408	295.319	293.498	291.915	290.542	289.358	288.342	287.478	286.750	286.148	285.661	285.281	285.001	284.817	284.725
294.551	292.791	291.256	289.922	288.765	287.767	286.911	286.183	285.570	285.063	284.652	284.332	284.096	283.941	283.864
292.822	291.261	289.899	288.716	287.690	286.805	286.046	285.399	284.856	284.406	284.042	283.757	283.548	283.411	283.342
294.441	292.693	291.170	289.845	288.697	287.706	286.856	286.133	285.525	285.021	284.613	284.295	284.061	283.907	283.831
294.061	292.357	290.871	289.580	288.460	287.494	286.666	285.961	285.368	284.876	284.479	284.169	283.940	283.790	283.716
294.612	292.845	291.304	289.964	288.803	287.801	286.942	286.211	285.595	285.086	284.674	284.352	284.115	283.959	283.882
289.776	288.565	287.510	286.592	285.796	285.109	284.520	284.019	283.598	283.249	282.966	282.746	282.584	282.477	282.424
290.216	288.955	287.855	286.898	286.070	285.354	284.741	284.219	283.780	283.416	283.122	282.892	282.723	282.612	282.557
292.467	290.946	289.621	288.468	287.469	286.607	285.868	285.239	284.709	284.271	283.916	283.639	283.436	283.302	283.235
293.844	292.165	290.702	289.429	288.326	287.374	286.557	285.863	285.278	284.794	284.403	284.097	283.872	283.724	283.651
294.050	292.348	290.863	289.573	288.454	287.488	286.660	285.956	285.363	284.872	284.475	284.165	283.937	283.787	283.713
295.160	293.330	291.734	290.347	289.144	288.106	287.216	286.459	285.822	285.294	284.867	284.534	284.289	284.127	284.047
297.920	295.772	293.900	292.272	290.860	289.643	288.598	287.709	286.962	286.343	285.842	285.451	285.163	284.974	284.880
300.593	298.137	295.997	294.136	292.522	291.130	289.936	288.920	288.066	287.358	286.785	286.338	286.009	285.793	285.686
301.571	299.004	296.765	294.818	293.131	291.675	290.426	289.364	288.470	287.730	287.131	286.663	286.319	286.093	285.981
297.993	295.837	293.957	292.323	290.906	289.683	288.635	287.743	286.992	286.370	285.867	285.475	285.186	284.996	284.902
296.948	294.912	293.137	291.594	290.256	289.102	288.112	287.269	286.560	285.973	285.499	285.128	284.855	284.676	284.587
296.692	294.686	292.936	291.415	290.097	288.959	287.983	287.153	286.455	285.876	285.408	285.043	284.774	284.597	284.509
291.862	290.411	289.146	288.046	287.093	286.270	285.565	284.964	284.459	284.041	283.703	283.439	283.244	283.116	283.053
292.546	291.016	289.683	288.523	287.518	286.651	285.907	285.274	284.742	284.301	283.944	283.666	283.461	283.326	283.259
295.007	293.195	291.614	290.240	289.049	288.021	287.140	286.390	285.759	285.236	284.813	284.483	284.240	284.081	284.001
297.035	294.989	293.206	291.654	290.310	289.150	288.155	287.309	286.596	286.006	285.529	285.157	284.883	284.702	284.613
296.409	294.435	292.714	291.218	289.921	288.801	287.841	287.025	286.338	285.768	285.308	284.949	284.684	284.510	284.424
296.029	294.099	292.416	290.953	289.685	288.590	287.651	286.853	286.181	285.624	285.174	284.823	284.564	284.394	284.310
293.180	291.577	290.180	288.965	287.912	287.004	286.225	285.562	285.004	284.542	284.168	283.876	283.661	283.520	283.450
293.465	291.830	290.404	289.165	288.090	287.163	286.368	285.691	285.122	284.650	284.269	283.971	283.752	283.608	283.536
293.898	292.213	290.744	289.467	288.359	287.404	286.585	285.887	285.301	284.815	284.422	284.115	283.889	283.741	283.667
296.428	294.452	292.729	291.231	289.933	288.812	287.851	287.034	286.346	285.776	285.315	284.955	284.690	284.516	284.430
296.596	294.601	292.861	291.348	290.037	288.906	287.935	287.110	286.415	285.840	285.374	285.011	284.744	284.568	284.481
292.396	290.884	289.565	288.419	287.425	286.568	285.832	285.207	284.680	284.244	283.891	283.616	283.413	283.280	283.214
290.724	289.404	288.253	287.253	286.385	285.637	284.995	284.449	283.989	283.609	283.301	283.061	282.884	282.768	282.710
291.591	290.172	288.934	287.858	286.925	286.120	285.429	284.842	284.348	283.938	283.607	283.349	283.159	283.033	282.971
291.975	290.511	289.235	288.125	287.163	286.333	285.622	285.016	284.506	284.084	283.743	283.476	283.280	283.151	283.087
293.463	291.828	290.402	289.163	288.089	287.162	286.366	285.690	285.121	284.649	284.268	283.970	283.751	283.607	283.536
294.139	292.426	290.933	289.634	288.509	287.538	286.705	285.996	285.400	284.906	284.507	284.195	283.965	283.814	283.739
292.735	291.184	289.831	288.655	287.636	286.756	286.002	285.360	284.820	284.373	284.011	283.729	283.521	283.384	283.316
291.736	290.300	289.047	287.958	287.015	286.200	285.502	284.907	284.407	283.993	283.658	283.397	283.204	283.078	283.015
288.935	287.821	286.850	286.005	285.273	284.641	284.099	283.638	283.250	282.929	282.669	282.467	282.317	282.219	282.170
289.859	288.639	287.575	286.650	285.848	285.156	284.562	284.057	283.632	283.280	282.996	282.773	282.610	282.502	282.449
289.356	288.193	287.180	286.298	285.535	284.875	284.310	283.829	283.424	283.089	282.818	282.606	282.450	282.348	282.297
288.717	287.628	286.678	285.853	285.137	284.520	283.990	283.539	283.160	282.846	282.592	282.394	282.248	282.152	282.105
288.582	287.508	286.573	285.759	285.053	284.445	283.923	283.478	283.105	282.795	282.545	282.349	282.205	282.111	282.064
289.349	288.187	287.174	286.294	285.530	284.872	284.307	283.826	283.421	283.086	282.815	282.604	282.448	282.346	282.295
288.130	287.109	286.218	285.444	284.772	284.193	283.696	283.274	282.918	282.624	282.385	282.199	282.062	281.972	281.928
287.014	286.121	285.342	284.665	284.078	283.572	283.138	282.768	282.457	282.200	281.991	281.829	281.709	281.630	281.591
285.420	284.711	284.092	283.554	283.087	282.685	282.340	282.046	281.799	281.594	281.429	281.299	281.204	281.142	281.111
285.360	284.657	284.044	283.511	283.049	282.651	282.309	282.018	281.774	281.571	281.407	281.279	281.185	281.123	281.092
287.143	286.235	285.443	284.755	284.158	283.644	283.202	282.826	282.510	282.248	282.037	281.871	281.750	281.670	281.630
286.308	285.496	284.788	284.173	283.639	283.179	282.784	282.448	282.165	281.931	281.742	281.594	281.485	281.414	281.378
284.551	283.941	283.409	282.947	282.546	282.201	281.904	281.652	281.440	281.264	281.121	281.010	280.929	280.875	280.848
284.965	284.307	283.734	283.236	282.804	282.431	282.111	281.839	281.611	281.421	281.268	281.148	281.060	281.002	280.973
285.551	284.826	284.194	283.645	283.168	282.757	282.405	282.105	281.853	281.644	281.475	281.343	281.245	281.182	281.150
286.269	285.462	284.758	284.146	283.615	283.157	282.765	282.431	282.149	281.917	281.728	281.581	281.473	281.402	281.367
288.739	287.647	286.696	285.868	285.151	284.532	284.001	283.550	283.169	282.855	282.600	282.401	282.255	282.159	282.111
290.027	288.787	287.706	286.766	285.952	285.249	284.646	284.133	283.701	283.344	283.055	282.829	282.663	282.554	282.500
289.609	288.417	287.378	286.475	285.692	285.016	284.437	283.944	283.529	283.185	282.907	282.690	282.531	282.426	282.374
288.278	287.240	286.334	285.547	284.865	284.276	283.771	283.341	282.979	282.680	282.438	282.248	282.109	282.018	281.972
288.126	287.105	286.215	285.441	284.770	284.191	283.694	283.272	282.916	282.622	282.384	282.198	282.061	281.971	281.926
289.215	288.069	287.069	286.200	285.447	284.797	284.240	283.765	283.366	283.036	282.768	282.559	282.406	282.305	282.255
288.124	287.103	286.213	285.439	284.769	284.190	283.693	283.271	282.916	282.621	282.383	282.197	282.060	281.970	281.926
290.854	289.519	288.355	287.343	286.466	285.709	285.060	284.508	284.043	283.658	283.347	283.104	282.925	282.807	282.749
293.401	291.773	290.354	289.120	288.050	287.127	286.335	285.662	285.095	284.626	284.246	283.950	283.731	283.588	283.517
293.857	292.176	290.712	289.438	288.334	287.381	286.564	285.868	285.283	284.799	284.407	284.101	283.876	283.728	283.654
292.434	290.918	289.595	288.446	287.449	286.589	285.851	285.224	284.696	284.259	283.905	283.629	283.425	283.292	283.226
289.017	287.893	286.914	286.062	285.324	284.687	284.140	283.675	283.284	282.960	282.698	282.494	282.343	282.244	282.195
287.748	286.771	285.918	285.177	284.535	283.981	283.505	283.101	282.760	282.478	282.250	282.072	281.941	281.855	281.813
288.446	287.388	286.466	285.664	284.969	284.369	283.855	283.417	283.049	282.744	282.497	282.304	282.162	282.069	282.023
286.339	285.524	284.813	284.195	283.659	283.196	282.800	282.462	282.178	281.943	281.753	281.604	281.495	281.423	281.388
289.273	288.120	287.115	286.240	285.483	284.829	284.268	283.791	283.390	283.058	282.789	282.579	282.424	282.323	282.272
289.855	288.635	287.571	286.646	285.845	285.153	284.560	284.055	283.630	283.279	282.994	282.772	282.608	282.501	282.448
290.506	289.211	288.082	287.100	286.250	285.515	284.886	284.350	283.899	283.526	283.224	282.988	282.815	282.701	282.644
292.052	290.579	289.295	288.179	287.211	286.376	285.660	285.051	284.538	284.113	283.770	283.502	283.304	283.175	283.110
291.974	290.511	289.234	288.125	287.163	286.333	285.621	285.015	284.506	284.084	283.742	283.476	283.280	283.151	283.087
292.011	290.543	289.263	288.150	287.186	286.353	285.639	285.032	284.521	284.098	283.755	283.488	283.291	283.162	283.098
291.385	289.989	288.772	287.714	286.796	286.005	285.326	284.748	284.262	283.860	283.534	283.280	283.093	282.970	282.909
291.712	290.279	289.029	287.942	287.000	286.187	285.490	284.897	284.398	283.984	283.650	283.389	283.197	283.071	283.008
290.835	289.502	288.340	287.330	286.454	285.699	285.051	284.499	284.035	283.651	283.340	283.098	282.919	282.802	282.743
289.173	288.032	287.036	286.171	285.421	284.774	284.219	283.746	283.349	283.020	282.753	282.546	282.393	282.292	282.242
285.265	284.573	283.970	283.445	282.991	282.598	282.262	281.975	281.735	281.535	281.374	281.248	281.155	281.094	281.064
284.780	284.144	283.590	283.107	282.689	282.329	282.019	281.756	281.534	281.351	281.203	281.087	281.001	280.945	280.918
284.682	284.057	283.512	283.039	282.628	282.274	281.970	281.711	281.494	281.314	281.168	281.054	280.970	280.915	280.888
287.434	286.493	285.672	284.958	284.339	283.806	283.348	282.958	282.631	282.359	282.139	281.968	281.842	281.759	281.718
288.050	287.038	286.155	285.388	284.722	284.149	283.656	283.237	282.885	282.593	282.357	282.173	282.037	281.948	281.904
286.270	285.462	284.758	284.146	283.615	283.157	282.765	282.431	282.150	281.917	281.728	281.581	281.473	281.402	281.367
285.942	285.172	284.501	283.917	283.412	282.975	282.601	282.282	282.014	281.792	281.613	281.472	281.369	281.302	281.268
289.760	288.551	287.497	286.581	285.786	285.101	284.513	284.012	283.591	283.243	282.961	282.741	282.579	282.472	282.419
290.040	288.799	287.717	286.776	285.960	285.256	284.653	284.139	283.707	283.349	283.060	282.834	282.667	282.558	282.504
288.085	287.069	286.183	285.412	284.744	284.168	283.674	283.253	282.899	282.606	282.369	282.184	282.048	281.959	281.914
288.503	287.438	286.510	285.703	285.004	284.401	283.883	283.443	283.072	282.765	282.517	282.323	282.180	282.087	282.040
289.013	287.890	286.911	286.059	285.321	284.684	284.138	283.674	283.283	282.959	282.697	282.492	282.342	282.243	282.194
287.225	286.308	285.508	284.812	284.210	283.689	283.243	282.864	282.544	282.280	282.066	281.899	281.776	281.695	281.655
285.347	284.646	284.035	283.503	283.042	282.644	282.303	282.013	281.769	281.566	281.403	281.275	281.181	281.119	281.089
287.418	286.479	285.659	284.947	284.330	283.797	283.340	282.951	282.624	282.353	282.134	281.963	281.837	281.754	281.713
286.017	285.238	284.560	283.970	283.458	283.017	282.638	282.316	282.045	281.821	281.639	281.497	281.393	281.324	281.290
285.812	285.057	284.399	283.827	283.331	282.903	282.536	282.223	281.960	281.743	281.567	281.429	281.328	281.262	281.229
290.206	288.945	287.847	286.891	286.063	285.348	284.736	284.214	283.775	283.412	283.118	282.888	282.720	282.609	282.554
286.838	285.965	285.204	284.542	283.968	283.474	283.049	282.688	282.384	282.132	281.929	281.770	281.653	281.576	281.538
287.795	286.812	285.955	285.210	284.564	284.007	283.529	283.122	282.780	282.496	282.267	282.088	281.956	281.870	281.827
287.007	286.115	285.337	284.660	284.074	283.568	283.134	282.765	282.454	282.197	281.989	281.826	281.707	281.628	281.589
288.142	287.119	286.227	285.452	284.780	284.200	283.702	283.279	282.923	282.628	282.389	282.203	282.066	281.976	281.931
286.680	285.825	285.080	284.432	283.871	283.386	282.970	282.617	282.319	282.073	281.873	281.718	281.603	281.528	281.490
284.576	283.963	283.429	282.964	282.562	282.214	281.917	281.663	281.450	281.273	281.130	281.019	280.937	280.883	280.856
284.114	283.554	283.066	282.642	282.275	281.957	281.685	281.454	281.259	281.098	280.967	280.865	280.790	280.741	280.717
285.682	284.942	284.297	283.736	283.250	282.830	282.470	282.164	281.907	281.693	281.521	281.386	281.287	281.222	281.189
287.048	286.151	285.369	284.689	284.099	283.591	283.155	282.783	282.471	282.212	282.003	281.840	281.720	281.641	281.601
290.107	288.858	287.769	286.822	286.002	285.294	284.686	284.169	283.735	283.375	283.083	282.856	282.688	282.578	282.524
287.401	286.464	285.646	284.935	284.319	283.787	283.331	282.943	282.617	282.347	282.128	281.957	281.831	281.749	281.708
284.989	284.329	283.753	283.253	282.819	282.444	282.123	281.850	281.620	281.430	281.276	281.156	281.067	281.009	280.980
283.182	282.730	282.335	281.992	281.695	281.439	281.219	281.032	280.874	280.744	280.638	280.556	280.495	280.455	280.436
282.740	282.339	281.989	281.684	281.421	281.193	280.998	280.831	280.692	280.576	280.482	280.409	280.355	280.320	280.302
282.679	282.285	281.941	281.642	281.383	281.159	280.967	280.804	280.666	280.553	280.461	280.389	280.336	280.301	280.284
282.200	281.861	281.565	281.308	281.085	280.892	280.727	280.587	280.469	280.371	280.292	280.230	280.184	280.154	280.140
285.088	284.417	283.831	283.322	282.881	282.500	282.173	281.895	281.662	281.468	281.311	281.189	281.099	281.040	281.010
283.672	283.163	282.720	282.334	282.000	281.712	281.464	281.254	281.077	280.930	280.811	280.719	280.650	280.606	280.583
277.432	277.641	277.823	277.982	278.119	278.238	278.340	278.426	278.499	278.559	278.608	278.646	278.674	278.693	278.702
278.342	278.446	278.538	278.617	278.685	278.745	278.795	278.839	278.875	278.905	278.929	278.948	278.962	278.972	278.976
282.148	281.815	281.524	281.271	281.052	280.863	280.701	280.563	280.447	280.351	280.273	280.213	280.168	280.138	280.124
285.505	284.785	284.158	283.613	283.140	282.732	282.382	282.084	281.834	281.626	281.458	281.327	281.231	281.168	281.136
286.090	285.303	284.617	284.021	283.504	283.058	282.675	282.349	282.075	281.849	281.665	281.522	281.416	281.347	281.313
285.512	284.791	284.163	283.617	283.144	282.736	282.385	282.087	281.836	281.629	281.461	281.330	281.233	281.170	281.138
287.475	286.529	285.704	284.987	284.365	283.828	283.368	282.977	282.647	282.375	282.154	281.982	281.855	281.771	281.730
285.923	285.155	284.486	283.904	283.400	282.964	282.591	282.273	282.006	281.785	281.606	281.466	281.363	281.296	281.262
282.781	282.375	282.021	281.713	281.446	281.216	281.018	280.850	280.709	280.591	280.497	280.423	280.368	280.333	280.315
280.286	280.167	280.063	279.972	279.894	279.827	279.769	279.719	279.678	279.644	279.616	279.594	279.578	279.568	279.562
277.965	278.113	278.242	278.354	278.451	278.535	278.607	278.668	278.719	278.762	278.796	278.823	278.843	278.856	278.863
279.076	279.096	279.113	279.128	279.142	279.153	279.163	279.171	279.178	279.184	279.188	279.192	279.195	279.197	279.197
279.069	279.090	279.108	279.124	279.137	279.149	279.159	279.168	279.175	279.181	279.186	279.190	279.193	279.194	279.195
278.939	278.974	279.006	279.033	279.056	279.077	279.094	279.109	279.121	279.132	279.140	279.147	279.151	279.155	279.156
279.335	279.325	279.317	279.309	279.303	279.297	279.293	279.288	279.285	279.282	279.280	279.278	279.277	279.276	279.276
282.825	282.414	282.055	281.744	281.473	281.240	281.040	280.870	280.727	280.608	280.512	280.437	280.382	280.346	280.328
283.125	282.679	282.291	281.953	281.660	281.407	281.190	281.006	280.851	280.722	280.618	280.537	280.477	280.438	280.419
283.363	282.890	282.477	282.119	281.808	281.540	281.309	281.114	280.949	280.812	280.702	280.616	280.553	280.511	280.490
283.095	282.652	282.267	281.932	281.641	281.390	281.175	280.992	280.838	280.711	280.607	280.527	280.468	280.429	280.409
281.475	281.219	280.996	280.802	280.633	280.488	280.364	280.258	280.169	280.095	280.035	279.989	279.955	279.932	279.921
280.142	280.039	279.950	279.872	279.805	279.747	279.697	279.654	279.618	279.589	279.565	279.546	279.533	279.523	279.519
279.701	279.649	279.604	279.564	279.530	279.501	279.476	279.454	279.436	279.421	279.409	279.400	279.393	279.388	279.386
277.891	278.048	278.184	278.302	278.405	278.494	278.570	278.634	278.689	278.734	278.770	278.799	278.820	278.834	278.840
277.991	278.136	278.262	278.372	278.467	278.549	278.620	278.680	278.730	278.772	278.806	278.832	278.851	278.864	278.870
276.960	277.223	277.453	277.653	277.826	277.975	278.103	278.212	278.304	278.380	278.441	278.489	278.525	278.548	278.559
278.031	278.171	278.293	278.400	278.492	278.571	278.639	278.698	278.746	278.787	278.820	278.845	278.864	278.876	278.882
279.017	279.044	279.067	279.087	279.105	279.120	279.133	279.144	279.154	279.161	279.168	279.173	279.176	279.179	279.180
279.429	279.408	279.390	279.375	279.361	279.350	279.340	279.331	279.324	279.318	279.313	279.309	279.307	279.305	279.304
274.802	275.314	275.760	276.148	276.484	276.774	277.023	277.235	277.413	277.560	277.680	277.773	277.841	277.886	277.909
275.847	276.238	276.580	276.876	277.134	277.356	277.546	277.708	277.844	277.957	278.048	278.120	278.172	278.207	278.224
274.059	274.656	275.177	275.630	276.022	276.361	276.651	276.898	277.106	277.278	277.417	277.526	277.606	277.659	277.685
273.483	274.146	274.725	275.228	275.664	276.040	276.362	276.637	276.868	277.059	277.214	277.335	277.424	277.482	277.511
271.563	272.447	273.218	273.889	274.470	274.971	275.401	275.767	276.075	276.330	276.536	276.697	276.816	276.893	276.932
270.688	271.673	272.531	273.278	273.925	274.484	274.963	275.370	275.713	275.997	276.227	276.406	276.538	276.625	276.668
269.228	270.381	271.386	272.260	273.018	273.671	274.232	274.709	275.111	275.443	275.712	275.922	276.076	276.178	276.228
268.682	269.897	270.957	271.879	272.678	273.367	273.958	274.461	274.885	275.235	275.519	275.740	275.903	276.010	276.063
275.307	275.760	276.156	276.500	276.798	277.055	277.276	277.463	277.621	277.752	277.858	277.940	278.001	278.041	278.061
279.139	279.152	279.163	279.173	279.181	279.188	279.194	279.200	279.204	279.208	279.211	279.213	279.215	279.216	279.217
274.373	274.934	275.423	275.848	276.217	276.535	276.808	277.040	277.235	277.397	277.528	277.630	277.705	277.755	277.779
275.031	275.516	275.939	276.307	276.626	276.901	277.137	277.338	277.507	277.647	277.760	277.849	277.914	277.956	277.978
276.160	276.516	276.826	277.095	277.329	277.530	277.703	277.850	277.974	278.076	278.159	278.224	278.272	278.303	278.318
275.231	275.693	276.096	276.447	276.751	277.013	277.238	277.429	277.590	277.723	277.831	277.915	277.977	278.018	278.038
273.672	274.314	274.873	275.360	275.781	276.145	276.457	276.723	276.946	277.131	277.281	277.397	277.483	277.540	277.568
274.415	274.971	275.456	275.878	276.243	276.558	276.829	277.059	277.253	277.413	277.543	277.644	277.719	277.768	277.792
275.712	276.119	276.474	276.782	277.050	277.281	277.479	277.647	277.789	277.906	278.001	278.075	278.130	278.165	278.183
279.444	279.421	279.402	279.385	279.370	279.358	279.347	279.338	279.330	279.324	279.318	279.314	279.311	279.309	279.308
276.967	277.229	277.458	277.657	277.830	277.979	278.107	278.215	278.307	278.383	278.444	278.492	278.527	278.550	278.561
273.259	273.948	274.549	275.071	275.524	275.915	276.250	276.535	276.775	276.974	277.135	277.260	277.353	277.413	277.443
273.908	274.522	275.058	275.524	275.928	276.276	276.575	276.829	277.043	277.220	277.364	277.476	277.558	277.612	277.639
276.856	277.131	277.371	277.580	277.761	277.917	278.051	278.165	278.261	278.340	278.405	278.455	278.492	278.516	278.528
274.752	275.270	275.721	276.113	276.453	276.746	276.998	277.212	277.392	277.541	277.662	277.756	277.826	277.871	277.894
282.783	282.377	282.023	281.714	281.447	281.217	281.019	280.851	280.709	280.592	280.497	280.423	280.369	280.333	280.315
282.352	281.995	281.684	281.414	281.179	280.977	280.803	280.656	280.531	280.428	280.345	280.280	280.232	280.201	280.185
277.641	277.826	277.988	278.128	278.250	278.354	278.444	278.521	278.585	278.639	278.682	278.716	278.741	278.757	278.765
278.094	278.227	278.343	278.444	278.531	278.607	278.671	278.726	278.773	278.811	278.842	278.866	278.884	278.896	278.901
282.977	282.548	282.174	281.849	281.568	281.325	281.116	280.939	280.789	280.666	280.566	280.488	280.430	280.393	280.374
283.248	282.788	282.387	282.038	281.736	281.475	281.252	281.061	280.901	280.769	280.661	280.578	280.516	280.475	280.455
280.541	280.392	280.263	280.150	280.053	279.968	279.896	279.835	279.783	279.740	279.706	279.679	279.659	279.646	279.639
276.330	276.666	276.959	277.214	277.434	277.625	277.788	277.927	278.044	278.141	278.219	278.280	278.325	278.355	278.370
270.655	271.644	272.506	273.255	273.905	274.466	274.946	275.356	275.700	275.985	276.215	276.395	276.528	276.615	276.658
275.009	275.497	275.922	276.292	276.613	276.889	277.127	277.328	277.498	277.639	277.753	277.842	277.907	277.950	277.971
273.158	273.859	274.470	275.001	275.462	275.859	276.200	276.490	276.734	276.936	277.099	277.227	277.321	277.382	277.413
277.130	277.373	277.586	277.771	277.931	278.070	278.188	278.289	278.374	278.444	278.501	278.546	278.578	278.600	278.611
280.208	280.098	280.002	279.918	279.846	279.783	279.730	279.684	279.646	279.614	279.588	279.568	279.553	279.544	279.539
276.346	276.680	276.971	277.225	277.444	277.634	277.796	277.934	278.051	278.147	278.225	278.286	278.330	278.360	278.374
275.610	276.029	276.394	276.711	276.987	277.224	277.428	277.601	277.747	277.867	277.965	278.041	278.097	278.134	278.152
278.767	278.822	278.871	278.913	278.949	278.981	279.008	279.031	279.050	279.066	279.079	279.089	279.097	279.102	279.104
276.651	276.950	277.210	277.437	277.634	277.803	277.948	278.072	278.176	278.263	278.332	278.387	278.427	278.453	278.466
276.163	276.518	276.827	277.097	277.330	277.531	277.704	277.851	277.975	278.077	278.160	278.225	278.272	278.304	278.319
275.311	275.764	276.159	276.503	276.801	277.058	277.278	277.465	277.623	277.754	277.859	277.942	278.003	278.043	278.062
274.417	274.973	275.458	275.879	276.244	276.560	276.830	277.060	277.254	277.414	277.544	277.645	277.719	277.768	277.793
275.061	275.543	275.963	276.328	276.645	276.918	277.153	277.352	277.520	277.659	277.771	277.859	277.923	277.966	277.987
277.208	277.443	277.647	277.826	277.980	278.113	278.227	278.325	278.406	278.474	278.529	278.572	278.603	278.624	278.634
279.764	279.705	279.653	279.608	279.570	279.536	279.507	279.483	279.462	279.445	279.431	279.421	279.413	279.408	279.405
281.826	281.529	281.271	281.046	280.852	280.684	280.540	280.417	280.314	280.228	280.159	280.105	280.066	280.040	280.027
275.684	276.094	276.452	276.763	277.032	277.265	277.464	277.634	277.777	277.895	277.991	278.066	278.121	278.157	278.175
279.097	279.115	279.130	279.143	279.155	279.165	279.173	279.181	279.187	279.192	279.196	279.199	279.202	279.203	279.204
282.043	281.722	281.442	281.198	280.987	280.805	280.648	280.515	280.404	280.311	280.236	280.178	280.135	280.106	280.092
277.456	277.662	277.842	277.998	278.134	278.251	278.352	278.437	278.509	278.568	278.616	278.654	278.682	278.700	278.709
277.660	277.843	278.003	278.141	278.262	278.365	278.454	278.530	278.593	278.646	278.689	278.722	278.747	278.763	278.771
279.420	279.400	279.383	279.368	279.356	279.345	279.335	279.327	279.320	279.315	279.310	279.306	279.304	279.302	279.301
274.181	274.765	275.273	275.715	276.098	276.429	276.712	276.953	277.156	277.325	277.461	277.567	277.645	277.696	277.722
277.615	277.803	277.967	278.110	278.233	278.340	278.431	278.509	278.575	278.629	278.673	278.707	278.732	278.749	278.757
277.045	277.298	277.520	277.712	277.879	278.022	278.146	278.251	278.339	278.412	278.471	278.518	278.552	278.574	278.585
278.824	278.873	278.916	278.953	278.985	279.013	279.037	279.057	279.074	279.088	279.100	279.109	279.115	279.120	279.122
276.261	276.605	276.905	277.165	277.391	277.586	277.753	277.896	278.015	278.115	278.195	278.257	278.303	278.334	278.349
277.443	277.651	277.832	277.990	278.126	278.244	278.345	278.431	278.504	278.564	278.612	278.650	278.678	278.696	278.705
277.082	277.331	277.549	277.738	277.902	278.043	278.164	278.268	278.354	278.426	278.485	278.530	278.563	278.585	278.596
278.120	278.250	278.363	278.462	278.547	278.621	278.684	278.738	278.783	278.821	278.851	278.875	278.892	278.904	278.909
279.333	279.323	279.315	279.308	279.301	279.296	279.291	279.287	279.284	279.281	279.279	279.277	279.276	279.275	279.275
275.092	275.570	275.987	276.350	276.664	276.935	277.168	277.366	277.532	277.670	277.782	277.869	277.933	277.975	277.996
275.557	275.982	276.352	276.674	276.953	277.194	277.401	277.577	277.725	277.847	277.946	278.024	278.080	278.118	278.136
276.095	276.458	276.774	277.049	277.288	277.494	277.670	277.820	277.947	278.051	278.136	278.202	278.251	278.283	278.299
273.465	274.130	274.711	275.215	275.652	276.030	276.353	276.629	276.860	277.052	277.207	277.329	277.418	277.476	277.506
272.632	273.393	274.057	274.634	275.134	275.566	275.936	276.251	276.516	276.736	276.913	277.052	277.154	277.221	277.254
279.130	279.144	279.156	279.166	279.175	279.183	279.190	279.196	279.200	279.204	279.208	279.210	279.212	279.213	279.214
272.816	273.556	274.202	274.763	275.249	275.669	276.029	276.335	276.592	276.806	276.978	277.113	277.212	277.278	277.310
272.988	273.709	274.337	274.883	275.356	275.764	276.115	276.413	276.664	276.871	277.039	277.170	277.267	277.330	277.362
271.893	272.740	273.478	274.119	274.675	275.155	275.567	275.917	276.211	276.455	276.653	276.807	276.920	276.995	277.032
270.457	271.468	272.350	273.117	273.782	274.355	274.847	275.266	275.618	275.910	276.145	276.330	276.465	276.554	276.599
269.616	270.724	271.690	272.530	273.259	273.887	274.426	274.885	275.270	275.590	275.848	276.050	276.199	276.296	276.345
275.094	275.572	275.989	276.351	276.665	276.937	277.169	277.367	277.533	277.671	277.783	277.870	277.934	277.976	277.997
276.655	276.954	277.214	277.440	277.636	277.806	277.951	278.074	278.178	278.264	278.334	278.388	278.428	278.455	278.468
274.038	274.637	275.160	275.615	276.009	276.349	276.640	276.888	277.097	277.270	277.410	277.519	277.599	277.652	277.678
277.005	277.263	277.488	277.684	277.854	278.000	278.126	278.233	278.323	278.397	278.457	278.504	278.539	278.562	278.573
277.771	277.942	278.090	278.219	278.331	278.427	278.510	278.580	278.639	278.688	278.728	278.759	278.782	278.797	278.804
276.380	276.710	276.998	277.248	277.465	277.652	277.813	277.950	278.065	278.160	278.237	278.297	278.341	278.370	278.385
272.608	273.372	274.038	274.617	275.119	275.553	275.924	276.240	276.506	276.727	276.905	277.044	277.146	277.214	277.247
271.321	272.233	273.028	273.720	274.319	274.836	275.280	275.657	275.975	276.238	276.450	276.617	276.739	276.819	276.859
273.990	274.595	275.123	275.581	275.979	276.322	276.616	276.867	277.077	277.252	277.393	277.503	277.584	277.638	277.664
273.318	274.000	274.595	275.112	275.561	275.948	276.280	276.562	276.800	276.996	277.156	277.280	277.371	277.431	277.461
274.195	274.777	275.284	275.724	276.106	276.436	276.719	276.960	277.162	277.330	277.465	277.571	277.649	277.700	277.726
272.146	272.963	273.676	274.295	274.832	275.296	275.693	276.031	276.316	276.551	276.742	276.891	277.000	277.072	277.108
275.183	275.651	276.059	276.414	276.721	276.986	277.214	277.407	277.570	277.705	277.814	277.899	277.962	278.003	278.024
272.856	273.591	274.233	274.790	275.274	275.691	276.048	276.353	276.609	276.821	276.992	277.126	277.225	277.290	277.322
276.300	276.639	276.935	277.192	277.415	277.608	277.773	277.913	278.031	278.129	278.208	278.270	278.316	278.346	278.360
277.482	277.685	277.862	278.017	278.150	278.266	278.365	278.449	278.520	278.578	278.626	278.663	278.690	278.708	278.717
274.606	275.140	275.606	276.011	276.362	276.665	276.925	277.146	277.332	277.486	277.610	277.708	277.779	277.826	277.850
273.446	274.113	274.695	275.202	275.640	276.019	276.344	276.620	276.852	277.045	277.201	277.322	277.412	277.471	277.500
275.274	275.731	276.130	276.477	276.777	277.037	277.259	277.448	277.608	277.740	277.846	277.930	277.991	278.031	278.051
275.217	275.681	276.086	276.437	276.742	277.005	277.231	277.423	277.584	277.718	277.826	277.911	277.973	278.014	278.034
275.950	276.329	276.660	276.948	277.198	277.413	277.598	277.755	277.887	277.996	278.085	278.154	278.205	278.238	278.255
275.438	275.877	276.259	276.591	276.880	277.128	277.341	277.523	277.675	277.802	277.904	277.984	278.043	278.081	278.101
273.969	274.576	275.106	275.566	275.966	276.310	276.606	276.857	277.069	277.244	277.385	277.496	277.577	277.631	277.657
276.160	276.516	276.826	277.095	277.329	277.530	277.703	277.850	277.974	278.076	278.159	278.224	278.272	278.303	278.318
276.953	277.217	277.448	277.648	277.822	277.971	278.100	278.209	278.301	278.377	278.439	278.487	278.523	278.546	278.557
276.382	276.712	277.000	277.250	277.467	277.654	277.814	277.951	278.065	278.161	278.238	278.298	278.342	278.371	278.385
275.438	275.877	276.259	276.591	276.880	277.128	277.341	277.523	277.675	277.802	277.904	277.984	278.043	278.081	278.101
276.265	276.608	276.907	277.168	277.393	277.588	277.755	277.897	278.017	278.116	278.196	278.259	278.305	278.335	278.350
278.144	278.271	278.382	278.479	278.562	278.634	278.696	278.749	278.793	278.830	278.859	278.883	278.900	278.911	278.916
280.552	280.402	280.272	280.158	280.060	279.975	279.902	279.840	279.788	279.745	279.710	279.682	279.662	279.649	279.643
282.731	282.331	281.982	281.678	281.415	281.188	280.993	280.827	280.688	280.572	280.479	280.406	280.352	280.317	280.300
280.974	280.776	280.603	280.453	280.322	280.210	280.113	280.031	279.962	279.905	279.859	279.823	279.796	279.779	279.770
278.481	278.570	278.647	278.714	278.772	278.822	278.865	278.902	278.932	278.958	278.979	278.995	279.007	279.014	279.018
277.726	277.901	278.054	278.187	278.302	278.402	278.487	278.560	278.621	278.671	278.712	278.744	278.767	278.783	278.791
275.405	275.848	276.233	276.568	276.859	277.110	277.325	277.508	277.662	277.789	277.893	277.973	278.032	278.071	278.091
275.165	275.635	276.045	276.401	276.710	276.976	277.205	277.399	277.563	277.698	277.808	277.893	277.956	277.998	278.018
276.132	276.491	276.803	277.075	277.311	277.514	277.689	277.837	277.962	278.066	278.149	278.215	278.263	278.294	278.310
277.474	277.678	277.856	278.011	278.145	278.261	278.361	278.445	278.516	278.575	278.623	278.660	278.687	278.705	278.714
281.680	281.400	281.156	280.945	280.761	280.602	280.466	280.351	280.254	280.173	280.108	280.057	280.019	279.995	279.983
282.856	282.441	282.079	281.765	281.492	281.257	281.055	280.884	280.739	280.620	280.523	280.447	280.392	280.355	280.337
281.299	281.064	280.858	280.679	280.524	280.391	280.276	280.179	280.096	280.029	279.974	279.931	279.899	279.878	279.868
277.459	277.665	277.844	278.001	278.136	278.253	278.353	278.438	278.510	278.569	278.618	278.655	278.683	278.701	278.710
277.324	277.546	277.739	277.907	278.052	278.178	278.286	278.377	278.455	278.518	278.570	278.610	278.640	278.660	278.669
275.181	275.649	276.057	276.412	276.720	276.985	277.213	277.406	277.569	277.704	277.813	277.899	277.961	278.003	278.023
272.265	273.069	273.769	274.378	274.906	275.362	275.753	276.085	276.365	276.597	276.784	276.930	277.038	277.109	277.144
274.985	275.475	275.903	276.275	276.598	276.876	277.114	277.317	277.488	277.630	277.744	277.833	277.899	277.942	277.964
278.536	278.618	278.689	278.752	278.806	278.852	278.892	278.926	278.955	278.979	278.998	279.013	279.024	279.031	279.035
280.763	280.589	280.437	280.305	280.191	280.092	280.007	279.935	279.875	279.825	279.784	279.752	279.729	279.714	279.706
278.790	278.843	278.889	278.929	278.964	278.994	279.020	279.042	279.060	279.075	279.088	279.097	279.104	279.109	279.111
278.962	278.996	279.024	279.049	279.071	279.090	279.106	279.120	279.131	279.141	279.148	279.154	279.159	279.162	279.163
279.979	279.895	279.822	279.758	279.703	279.656	279.615	279.580	279.551	279.527	279.507	279.492	279.481	279.473	279.470
282.224	281.882	281.584	281.324	281.100	280.906	280.739	280.598	280.478	280.380	280.300	280.238	280.192	280.162	280.147
277.657	277.840	278.000	278.139	278.259	278.363	278.452	278.528	278.592	278.645	278.688	278.721	278.745	278.762	278.770
277.820	277.985	278.128	278.253	278.361	278.454	278.534	278.602	278.659	278.707	278.745	278.775	278.797	278.812	278.819
276.040	276.410	276.732	277.011	277.254	277.463	277.643	277.796	277.924	278.031	278.117	278.184	278.234	278.266	278.282
274.584	275.120	275.588	275.995	276.348	276.652	276.914	277.136	277.323	277.477	277.602	277.700	277.772	277.819	277.843
276.445	276.767	277.049	277.293	277.505	277.688	277.845	277.979	278.091	278.184	278.260	278.318	278.362	278.390	278.404
273.686	274.326	274.884	275.370	275.790	276.153	276.464	276.729	276.952	277.136	277.286	277.402	277.488	277.544	277.572
275.267	275.725	276.125	276.472	276.773	277.033	277.256	277.445	277.605	277.737	277.844	277.927	277.989	278.029	278.049
276.053	276.421	276.742	277.021	277.262	277.471	277.649	277.802	277.930	278.036	278.121	278.188	278.238	278.270	278.286
278.684	278.749	278.806	278.855	278.898	278.935	278.967	278.994	279.016	279.035	279.050	279.062	279.071	279.076	279.079
280.436	280.300	280.181	280.078	279.988	279.910	279.844	279.788	279.740	279.701	279.669	279.644	279.626	279.614	279.608
281.294	281.059	280.854	280.676	280.521	280.388	280.274	280.176	280.094	280.027	279.972	279.929	279.897	279.877	279.866
285.482	284.765	284.140	283.597	283.126	282.719	282.370	282.074	281.824	281.618	281.450	281.320	281.224	281.161	281.129
285.830	285.073	284.414	283.840	283.342	282.913	282.545	282.232	281.968	281.750	281.573	281.435	281.334	281.267	281.234
281.641	281.366	281.126	280.918	280.737	280.581	280.447	280.333	280.238	280.158	280.094	280.044	280.007	279.983	279.971
281.109	280.895	280.709	280.546	280.406	280.285	280.181	280.092	280.018	279.956	279.906	279.867	279.839	279.820	279.810
281.055	280.847	280.666	280.509	280.372	280.255	280.154	280.068	279.995	279.936	279.887	279.849	279.822	279.803	279.794
288.965	287.847	286.873	286.026	285.291	284.658	284.114	283.652	283.263	282.941	282.680	282.476	282.327	282.228	282.179
282.185	281.847	281.553	281.297	281.075	280.884	280.719	280.580	280.462	280.365	280.286	280.225	280.179	280.150	280.135
278.385	278.485	278.571	278.647	278.712	278.769	278.817	278.858	278.893	278.921	278.945	278.963	278.976	278.985	278.989
277.883	278.040	278.177	278.297	278.400	278.489	278.566	278.631	278.685	278.731	278.767	278.796	278.817	278.831	278.838
280.024	279.935	279.857	279.790	279.731	279.681	279.637	279.601	279.570	279.544	279.523	279.507	279.495	279.487	279.483
283.146	282.698	282.307	281.967	281.673	281.419	281.201	281.015	280.859	280.730	280.626	280.544	280.484	280.444	280.425
283.960	283.418	282.946	282.535	282.179	281.872	281.608	281.384	281.196	281.039	280.913	280.814	280.742	280.694	280.670
279.752	279.695	279.644	279.600	279.562	279.530	279.502	279.478	279.458	279.441	279.427	279.417	279.409	279.404	279.401
280.184	280.076	279.983	279.901	279.831	279.770	279.718	279.673	279.636	279.605	279.580	279.560	279.546	279.536	279.532
283.929	283.391	282.922	282.514	282.160	281.855	281.593	281.370	281.183	281.028	280.902	280.804	280.732	280.685	280.661
285.649	284.913	284.271	283.713	283.229	282.812	282.454	282.149	281.893	281.681	281.509	281.375	281.276	281.212	281.179
285.531	284.808	284.178	283.631	283.156	282.746	282.395	282.096	281.844	281.636	281.468	281.336	281.239	281.175	281.144
281.392	281.146	280.931	280.744	280.582	280.442	280.322	280.221	280.135	280.064	280.006	279.961	279.928	279.907	279.896
279.391	279.375	279.361	279.348	279.338	279.328	279.321	279.314	279.308	279.304	279.300	279.297	279.295	279.293	279.292
280.404	280.271	280.156	280.055	279.968	279.892	279.828	279.773	279.727	279.688	279.657	279.633	279.615	279.604	279.598
282.709	282.311	281.964	281.663	281.401	281.175	280.982	280.817	280.679	280.564	280.471	280.399	280.345	280.310	280.293
280.186	280.078	279.984	279.903	279.832	279.771	279.719	279.674	279.637	279.606	279.580	279.561	279.546	279.537	279.532
280.388	280.257	280.143	280.044	279.958	279.883	279.820	279.766	279.720	279.682	279.652	279.628	279.610	279.599	279.593
285.226	284.538	283.939	283.418	282.966	282.576	282.242	281.958	281.718	281.520	281.360	281.235	281.142	281.082	281.052
289.323	288.165	287.154	286.276	285.514	284.857	284.294	283.814	283.411	283.077	282.806	282.595	282.440	282.338	282.287
291.133	289.766	288.574	287.538	286.640	285.865	285.200	284.634	284.158	283.764	283.445	283.197	283.013	282.893	282.833
286.823	285.951	285.192	284.532	283.959	283.465	283.042	282.681	282.378	282.127	281.924	281.765	281.648	281.571	281.533
283.358	282.886	282.474	282.115	281.805	281.537	281.307	281.112	280.947	280.811	280.700	280.614	280.551	280.509	280.489
286.655	285.803	285.060	284.414	283.855	283.372	282.958	282.605	282.309	282.063	281.864	281.709	281.595	281.520	281.483
288.418	287.363	286.444	285.644	284.951	284.353	283.840	283.404	283.037	282.733	282.487	282.295	282.153	282.061	282.014
283.658	283.151	282.709	282.324	281.991	281.704	281.457	281.247	281.071	280.925	280.806	280.714	280.646	280.601	280.579
287.459	286.515	285.692	284.976	284.355	283.820	283.360	282.970	282.641	282.369	282.148	281.976	281.850	281.767	281.725
291.043	289.687	288.504	287.475	286.584	285.815	285.155	284.594	284.121	283.730	283.414	283.167	282.985	282.865	282.806
284.974	284.316	283.742	283.242	282.810	282.436	282.116	281.844	281.614	281.425	281.271	281.151	281.063	281.005	280.976
282.714	282.316	281.968	281.666	281.404	281.178	280.985	280.820	280.681	280.566	280.473	280.401	280.347	280.312	280.295
281.880	281.577	281.313	281.084	280.885	280.714	280.567	280.442	280.336	280.249	280.178	280.123	280.083	280.056	280.043
281.897	281.592	281.327	281.096	280.896	280.723	280.575	280.449	280.343	280.256	280.185	280.129	280.088	280.061	280.048
282.793	282.386	282.030	281.721	281.454	281.222	281.024	280.856	280.714	280.596	280.501	280.427	280.372	280.336	280.318
285.910	285.144	284.476	283.895	283.392	282.957	282.585	282.268	282.001	281.780	281.601	281.462	281.359	281.292	281.258
286.162	285.367	284.673	284.071	283.548	283.097	282.711	282.382	282.105	281.876	281.690	281.545	281.439	281.369	281.334
282.731	282.330	281.981	281.678	281.415	281.187	280.993	280.827	280.688	280.572	280.479	280.406	280.352	280.317	280.300
281.494	281.235	281.010	280.815	280.645	280.499	280.373	280.267	280.177	280.102	280.042	279.995	279.961	279.938	279.927
285.204	284.519	283.922	283.403	282.953	282.564	282.231	281.948	281.709	281.512	281.352	281.227	281.136	281.075	281.045
285.904	285.139	284.471	283.891	283.388	282.954	282.582	282.265	281.998	281.778	281.599	281.460	281.357	281.290	281.256
285.263	284.571	283.968	283.444	282.989	282.597	282.261	281.975	281.734	281.534	281.373	281.247	281.154	281.093	281.063
285.302	284.606	283.999	283.471	283.014	282.619	282.280	281.992	281.750	281.549	281.387	281.260	281.167	281.105	281.075
282.734	282.333	281.983	281.680	281.416	281.189	280.994	280.828	280.689	280.573	280.480	280.407	280.353	280.318	280.300
282.876	282.459	282.095	281.779	281.505	281.268	281.066	280.893	280.748	280.628	280.530	280.454	280.398	280.362	280.343
285.842	285.084	284.423	283.848	283.350	282.920	282.551	282.237	281.973	281.754	281.577	281.439	281.338	281.271	281.238
286.485	285.652	284.927	284.296	283.749	283.277	282.872	282.528	282.238	281.998	281.804	281.653	281.541	281.468	281.432
282.944	282.519	282.148	281.826	281.547	281.306	281.099	280.924	280.776	280.653	280.554	280.477	280.420	280.382	280.364
286.845	285.971	285.209	284.547	283.973	283.478	283.053	282.691	282.387	282.135	281.931	281.772	281.655	281.578	281.540
287.153	286.244	285.451	284.762	284.165	283.649	283.207	282.831	282.514	282.252	282.040	281.875	281.753	281.673	281.633
289.821	288.605	287.545	286.623	285.824	285.134	284.543	284.040	283.616	283.266	282.982	282.761	282.598	282.491	282.438
290.440	289.153	288.031	287.055	286.209	285.479	284.853	284.320	283.872	283.501	283.201	282.966	282.794	282.680	282.624
287.288	286.363	285.557	284.856	284.248	283.724	283.274	282.892	282.570	282.303	282.088	281.919	281.795	281.714	281.674
295.457	293.593	291.967	290.554	289.329	288.272	287.365	286.594	285.944	285.407	284.972	284.633	284.383	284.219	284.137
295.080	293.259	291.671	290.291	289.094	288.062	287.176	286.423	285.789	285.264	284.839	284.507	284.263	284.103	284.023
289.409	288.241	287.222	286.336	285.568	284.905	284.337	283.853	283.446	283.109	282.837	282.624	282.467	282.364	282.313
286.267	285.460	284.756	284.144	283.614	283.156	282.764	282.430	282.149	281.916	281.728	281.581	281.472	281.401	281.366
285.948	285.177	284.505	283.921	283.415	282.978	282.604	282.285	282.017	281.794	281.615	281.474	281.371	281.303	281.270
287.889	286.895	286.028	285.275	284.622	284.059	283.575	283.164	282.818	282.532	282.300	282.119	281.986	281.898	281.855
290.407	289.124	288.005	287.032	286.188	285.461	284.836	284.305	283.859	283.489	283.189	282.955	282.783	282.670	282.614
293.921	292.233	290.762	289.482	288.373	287.416	286.596	285.897	285.310	284.823	284.430	284.122	283.896	283.747	283.674
294.414	292.670	291.149	289.826	288.680	287.691	286.843	286.121	285.514	285.011	284.604	284.286	284.052	283.899	283.823
288.845	287.741	286.779	285.942	285.217	284.591	284.054	283.597	283.213	282.895	282.638	282.437	282.289	282.191	282.143
286.054	285.271	284.589	283.996	283.481	283.038	282.657	282.333	282.060	281.835	281.652	281.510	281.405	281.336	281.302
283.515	283.024	282.596	282.224	281.902	281.624	281.385	281.182	281.012	280.870	280.756	280.666	280.601	280.557	280.536
286.464	285.634	284.911	284.281	283.736	283.266	282.862	282.519	282.230	281.990	281.797	281.646	281.535	281.461	281.425
288.773	287.678	286.723	285.892	285.172	284.551	284.018	283.565	283.184	282.868	282.612	282.413	282.266	282.169	282.122
285.370	284.666	284.052	283.519	283.056	282.657	282.314	282.023	281.778	281.575	281.411	281.283	281.188	281.126	281.095
285.302	284.605	283.998	283.471	283.013	282.619	282.280	281.992	281.750	281.549	281.387	281.260	281.166	281.105	281.075
286.201	285.402	284.704	284.098	283.573	283.119	282.731	282.400	282.121	281.891	281.704	281.559	281.451	281.381	281.346
286.417	285.593	284.874	284.249	283.707	283.240	282.839	282.498	282.211	281.973	281.781	281.630	281.520	281.447	281.411
285.756	285.007	284.355	283.787	283.296	282.871	282.507	282.198	281.937	281.721	281.547	281.411	281.310	281.244	281.212
286.520	285.684	284.955	284.321	283.771	283.297	282.890	282.544	282.253	282.012	281.817	281.665	281.552	281.479	281.442
290.576	289.273	288.137	287.149	286.293	285.554	284.921	284.382	283.928	283.553	283.249	283.011	282.837	282.722	282.665
292.273	290.775	289.469	288.333	287.349	286.499	285.771	285.151	284.629	284.197	283.848	283.575	283.374	283.242	283.177
291.626	290.203	288.961	287.882	286.947	286.139	285.447	284.858	284.362	283.952	283.620	283.360	283.170	283.044	282.982
289.877	288.655	287.589	286.662	285.859	285.166	284.571	284.065	283.640	283.287	283.002	282.779	282.616	282.508	282.454
294.068	292.363	290.877	289.585	288.465	287.499	286.670	285.964	285.371	284.879	284.482	284.171	283.943	283.793	283.718
293.566	291.919	290.483	289.235	288.153	287.219	286.418	285.737	285.163	284.688	284.304	284.004	283.784	283.639	283.567
296.266	294.308	292.602	291.118	289.832	288.722	287.770	286.960	286.278	285.714	285.258	284.901	284.639	284.466	284.381
300.254	297.837	295.731	293.899	292.312	290.942	289.767	288.767	287.926	287.229	286.666	286.226	285.902	285.689	285.583
300.959	298.462	296.284	294.391	292.750	291.334	290.120	289.086	288.217	287.497	286.915	286.460	286.125	285.905	285.796
303.826	300.999	298.534	296.391	294.533	292.930	291.556	290.386	289.401	288.586	287.927	287.412	287.033	286.784	286.661
299.876	297.503	295.434	293.636	292.077	290.731	289.577	288.596	287.770	287.086	286.532	286.100	285.782	285.573	285.469
293.543	291.899	290.466	289.219	288.139	287.206	286.407	285.726	285.154	284.680	284.296	283.997	283.777	283.632	283.560
295.372	293.517	291.900	290.494	289.276	288.224	287.322	286.555	285.909	285.374	284.942	284.604	284.356	284.192	284.111
291.497	290.088	288.860	287.792	286.866	286.067	285.382	284.799	284.309	283.903	283.574	283.317	283.129	283.004	282.943
286.986	286.096	285.320	284.646	284.061	283.556	283.124	282.755	282.446	282.189	281.981	281.819	281.700	281.622	281.583
286.822	285.951	285.192	284.531	283.959	283.465	283.042	282.681	282.378	282.127	281.924	281.765	281.648	281.571	281.533
290.787	289.460	288.303	287.297	286.425	285.672	285.027	284.478	284.016	283.633	283.323	283.082	282.904	282.787	282.729
290.715	289.396	288.246	287.246	286.380	285.632	284.991	284.445	283.986	283.605	283.298	283.058	282.881	282.765	282.707
290.743	289.421	288.268	287.266	286.397	285.648	285.005	284.458	283.997	283.616	283.308	283.067	282.890	282.773	282.716
291.189	289.815	288.618	287.577	286.674	285.896	285.228	284.660	284.181	283.785	283.465	283.215	283.031	282.910	282.850
291.852	290.403	289.139	288.040	287.087	286.265	285.560	284.960	284.455	284.038	283.699	283.435	283.241	283.113	283.050
294.161	292.446	290.950	289.650	288.523	287.550	286.716	286.006	285.409	284.915	284.514	284.202	283.972	283.821	283.746
296.782	294.765	293.007	291.478	290.153	289.009	288.028	287.194	286.492	285.910	285.440	285.073	284.802	284.625	284.537
294.836	293.043	291.480	290.120	288.942	287.926	287.054	286.312	285.688	285.171	284.753	284.426	284.186	284.028	283.950
289.199	288.055	287.057	286.189	285.437	284.788	284.232	283.758	283.360	283.030	282.763	282.554	282.401	282.300	282.250
292.153	290.669	289.375	288.250	287.274	286.433	285.711	285.097	284.580	284.152	283.806	283.535	283.336	283.206	283.141
295.422	293.562	291.940	290.529	289.307	288.252	287.347	286.578	285.930	285.394	284.960	284.621	284.372	284.208	284.126
294.806	293.017	291.456	290.100	288.924	287.909	287.039	286.299	285.676	285.160	284.742	284.416	284.177	284.019	283.941
291.432	290.031	288.809	287.746	286.826	286.031	285.350	284.770	284.282	283.878	283.551	283.296	283.108	282.985	282.923
292.839	291.275	289.913	288.727	287.700	286.814	286.054	285.407	284.863	284.412	284.048	283.763	283.553	283.416	283.347
292.797	291.238	289.880	288.698	287.674	286.791	286.033	285.388	284.846	284.396	284.033	283.749	283.540	283.403	283.335
288.752	287.659	286.706	285.877	285.159	284.539	284.008	283.555	283.175	282.860	282.605	282.406	282.259	282.163	282.115
288.865	287.759	286.794	285.956	285.229	284.602	284.064	283.606	283.221	282.903	282.645	282.443	282.295	282.198	282.149
289.254	288.103	287.100	286.227	285.471	284.819	284.259	283.783	283.382	283.050	282.782	282.572	282.418	282.317	282.267
287.614	286.652	285.813	285.083	284.451	283.906	283.438	283.040	282.705	282.427	282.203	282.028	281.899	281.814	281.772
288.436	287.379	286.458	285.657	284.962	284.363	283.849	283.412	283.044	282.740	282.493	282.301	282.159	282.066	282.020
285.968	285.195	284.522	283.936	283.428	282.990	282.614	282.294	282.025	281.802	281.622	281.481	281.378	281.310	281.276
289.610	288.418	287.379	286.475	285.692	285.017	284.437	283.944	283.529	283.186	282.908	282.691	282.531	282.426	282.374
292.765	291.211	289.855	288.676	287.655	286.773	286.017	285.374	284.833	284.384	284.022	283.739	283.530	283.393	283.325
297.186	295.123	293.324	291.760	290.404	289.234	288.231	287.377	286.659	286.064	285.582	285.207	284.930	284.748	284.658
298.646	296.415	294.470	292.778	291.312	290.047	288.962	288.039	287.262	286.619	286.098	285.692	285.393	285.196	285.099
292.957	291.380	290.006	288.810	287.774	286.880	286.113	285.461	284.912	284.457	284.089	283.802	283.591	283.452	283.383
298.157	295.982	294.086	292.437	291.008	289.774	288.717	287.817	287.060	286.432	285.925	285.529	285.238	285.046	284.951
298.539	296.320	294.385	292.703	291.245	289.987	288.908	287.990	287.217	286.578	286.060	285.656	285.359	285.163	285.066
296.116	294.176	292.484	291.013	289.739	288.639	287.695	286.892	286.217	285.657	285.205	284.851	284.591	284.421	284.336
294.013	292.315	290.834	289.547	288.431	287.468	286.642	285.939	285.348	284.858	284.462	284.153	283.925	283.776	283.702
298.062	295.898	294.011	292.371	290.949	289.722	288.669	287.774	287.021	286.397	285.892	285.498	285.208	285.017	284.923
296.143	294.199	292.505	291.032	289.755	288.653	287.708	286.904	286.228	285.667	285.214	284.860	284.600	284.429	284.344
293.440	291.808	290.385	289.147	288.075	287.149	286.355	285.680	285.111	284.641	284.260	283.963	283.744	283.600	283.529
296.565	294.573	292.837	291.327	290.018	288.889	287.920	287.096	286.402	285.828	285.363	285.001	284.734	284.558	284.471
299.479	297.152	295.123	293.359	291.830	290.511	289.379	288.416	287.606	286.935	286.392	285.968	285.657	285.452	285.350
295.621	293.737	292.095	290.668	289.430	288.363	287.447	286.668	286.012	285.469	285.030	284.687	284.434	284.269	284.186
294.336	292.601	291.088	289.772	288.632	287.648	286.804	286.086	285.481	284.981	284.576	284.260	284.028	283.875	283.799
294.414	292.669	291.149	289.826	288.680	287.691	286.843	286.121	285.513	285.011	284.604	284.286	284.052	283.899	283.822
289.592	288.402	287.365	286.463	285.681	285.007	284.428	283.936	283.522	283.179	282.901	282.685	282.525	282.420	282.368
289.300	288.144	287.136	286.259	285.500	284.844	284.282	283.804	283.401	283.068	282.798	282.588	282.433	282.331	282.280
289.486	288.309	287.282	286.389	285.616	284.948	284.375	283.888	283.478	283.139	282.864	282.650	282.492	282.388	282.337
291.163	289.792	288.598	287.559	286.658	285.881	285.215	284.648	284.171	283.776	283.456	283.206	283.023	282.902	282.842
291.466	290.061	288.836	287.770	286.847	286.050	285.367	284.785	284.296	283.891	283.563	283.307	283.119	282.995	282.934
291.930	290.471	289.200	288.094	287.135	286.308	285.599	284.995	284.488	284.067	283.727	283.461	283.266	283.137	283.074
294.007	292.309	290.829	289.542	288.427	287.464	286.639	285.936	285.345	284.856	284.460	284.151	283.923	283.774	283.700
290.218	288.956	287.856	286.900	286.071	285.355	284.742	284.220	283.780	283.417	283.122	282.893	282.724	282.612	282.557
293.213	291.607	290.206	288.988	287.933	287.022	286.241	285.577	285.017	284.554	284.180	283.887	283.672	283.530	283.460
292.328	290.824	289.512	288.372	287.383	286.530	285.798	285.176	284.652	284.218	283.867	283.593	283.392	283.259	283.194
288.906	287.795	286.827	285.985	285.255	284.625	284.085	283.625	283.238	282.918	282.659	282.457	282.308	282.210	282.162
290.252	288.986	287.883	286.924	286.092	285.374	284.759	284.235	283.794	283.430	283.134	282.904	282.734	282.623	282.568
295.861	293.950	292.284	290.835	289.580	288.496	287.567	286.776	286.111	285.560	285.115	284.767	284.511	284.342	284.259
298.397	296.194	294.274	292.604	291.157	289.908	288.837	287.926	287.159	286.524	286.010	285.609	285.314	285.120	285.023
292.043	290.571	289.288	288.173	287.206	286.371	285.656	285.047	284.534	284.110	283.767	283.499	283.302	283.172	283.108
287.283	286.359	285.554	284.853	284.246	283.722	283.272	282.890	282.568	282.302	282.086	281.918	281.794	281.713	281.672
285.726	284.981	284.332	283.767	283.277	282.855	282.493	282.184	281.925	281.710	281.537	281.401	281.301	281.235	281.203
285.795	285.042	284.386	283.815	283.320	282.894	282.527	282.216	281.954	281.737	281.561	281.424	281.323	281.257	281.224
286.859	285.984	285.221	284.557	283.982	283.486	283.060	282.698	282.393	282.141	281.936	281.777	281.660	281.583	281.544
286.158	285.363	284.671	284.068	283.546	283.095	282.709	282.380	282.103	281.874	281.689	281.544	281.438	281.368	281.333
285.604	284.873	284.236	283.682	283.201	282.787	282.431	282.129	281.875	281.664	281.493	281.360	281.262	281.198	281.166
285.675	284.936	284.292	283.731	283.246	282.827	282.467	282.161	281.904	281.691	281.519	281.384	281.285	281.220	281.187
284.851	284.207	283.645	283.156	282.733	282.368	282.054	281.788	281.563	281.378	281.227	281.110	281.024	280.967	280.939
287.953	286.952	286.079	285.320	284.662	284.095	283.608	283.193	282.845	282.556	282.323	282.140	282.006	281.918	281.874
286.790	285.923	285.166	284.509	283.939	283.447	283.025	282.666	282.364	282.114	281.912	281.754	281.638	281.561	281.524
288.860	287.755	286.791	285.953	285.226	284.600	284.062	283.605	283.220	282.901	282.643	282.442	282.294	282.196	282.148
292.657	291.114	289.770	288.601	287.587	286.713	285.963	285.325	284.788	284.343	283.983	283.702	283.496	283.360	283.293
290.099	288.851	287.763	286.817	285.997	285.289	284.682	284.166	283.731	283.372	283.080	282.853	282.686	282.576	282.521
286.317	285.504	284.795	284.179	283.645	283.184	282.788	282.452	282.169	281.935	281.745	281.597	281.488	281.416	281.381
287.205	286.290	285.492	284.799	284.197	283.678	283.233	282.855	282.536	282.272	282.059	281.892	281.769	281.689	281.649
290.600	289.294	288.156	287.166	286.308	285.568	284.933	284.393	283.938	283.562	283.257	283.019	282.844	282.729	282.672
286.971	286.083	285.309	284.635	284.052	283.548	283.116	282.749	282.439	282.183	281.976	281.814	281.695	281.617	281.578
285.177	284.495	283.900	283.384	282.936	282.549	282.218	281.935	281.698	281.501	281.342	281.218	281.127	281.067	281.037
284.969	284.312	283.738	283.239	282.807	282.434	282.114	281.842	281.612	281.423	281.269	281.150	281.061	281.003	280.975
287.913	286.917	286.048	285.292	284.637	284.072	283.588	283.175	282.828	282.541	282.309	282.127	281.994	281.906	281.862
287.858	286.867	286.004	285.253	284.603	284.041	283.560	283.150	282.805	282.520	282.289	282.109	281.976	281.889	281.845
284.765	284.130	283.577	283.096	282.679	282.320	282.011	281.749	281.528	281.345	281.197	281.081	280.996	280.941	280.913
285.680	284.940	284.295	283.735	283.249	282.829	282.469	282.163	281.906	281.693	281.520	281.385	281.286	281.221	281.189
286.708	285.850	285.102	284.452	283.888	283.402	282.984	282.629	282.331	282.083	281.883	281.727	281.612	281.536	281.499
283.299	282.833	282.427	282.074	281.768	281.504	281.277	281.084	280.922	280.788	280.679	280.595	280.532	280.491	280.471
282.841	282.428	282.067	281.754	281.483	281.249	281.048	280.877	280.733	280.614	280.518	280.442	280.387	280.351	280.333
282.490	282.117	281.792	281.510	281.265	281.054	280.872	280.718	280.588	280.481	280.394	280.326	280.276	280.243	280.227
283.219	282.763	282.365	282.019	281.719	281.460	281.238	281.049	280.890	280.758	280.651	280.568	280.507	280.467	280.447
282.909	282.489	282.122	281.802	281.526	281.287	281.082	280.908	280.762	280.640	280.542	280.465	280.409	280.372	280.353
281.230	281.002	280.804	280.631	280.481	280.352	280.241	280.147	280.068	280.002	279.949	279.908	279.877	279.857	279.847
281.793	281.501	281.246	281.024	280.832	280.666	280.524	280.402	280.301	280.216	280.148	280.095	280.056	280.030	280.017
284.923	284.271	283.702	283.207	282.778	282.408	282.091	281.821	281.593	281.405	281.253	281.134	281.047	280.989	280.961
286.196	285.397	284.700	284.094	283.569	283.116	282.728	282.397	282.119	281.889	281.702	281.557	281.450	281.379	281.344
285.762	285.013	284.360	283.792	283.300	282.875	282.510	282.201	281.940	281.724	281.549	281.413	281.312	281.246	281.214
287.199	286.284	285.487	284.794	284.193	283.675	283.230	282.852	282.533	282.270	282.056	281.890	281.767	281.687	281.647
287.392	286.456	285.639	284.929	284.313	283.782	283.327	282.939	282.613	282.343	282.125	281.954	281.829	281.746	281.705
285.416	284.706	284.088	283.550	283.084	282.682	282.337	282.044	281.797	281.592	281.427	281.298	281.203	281.140	281.109
281.797	281.504	281.249	281.027	280.834	280.668	280.525	280.404	280.302	280.218	280.149	280.096	280.057	280.031	280.018
278.688	278.753	278.809	278.858	278.901	278.937	278.969	278.996	279.018	279.037	279.052	279.064	279.072	279.078	279.081
275.756	276.158	276.508	276.813	277.077	277.305	277.501	277.667	277.807	277.923	278.016	278.090	278.144	278.179	278.196
274.999	275.488	275.915	276.285	276.607	276.884	277.122	277.324	277.494	277.635	277.749	277.838	277.904	277.947	277.968
276.215	276.564	276.868	277.133	277.362	277.560	277.730	277.875	277.996	278.097	278.178	278.242	278.289	278.320	278.335
276.870	277.144	277.383	277.590	277.770	277.925	278.058	278.172	278.267	278.346	278.410	278.460	278.496	278.520	278.532
278.904	278.943	278.978	279.008	279.035	279.057	279.077	279.093	279.107	279.118	279.128	279.135	279.140	279.144	279.146
279.807	279.743	279.687	279.638	279.596	279.560	279.529	279.502	279.480	279.462	279.447	279.435	279.426	279.421	279.418
280.005	279.918	279.843	279.777	279.720	279.670	279.628	279.592	279.562	279.537	279.517	279.501	279.489	279.481	279.478
280.592	280.437	280.303	280.186	280.084	279.997	279.922	279.858	279.804	279.760	279.724	279.696	279.675	279.661	279.655
281.703	281.421	281.175	280.961	280.776	280.616	280.478	280.362	280.263	280.182	280.116	280.065	280.027	280.002	279.990
282.135	281.803	281.514	281.262	281.044	280.856	280.694	280.557	280.442	280.346	280.268	280.208	280.164	280.134	280.120
281.467	281.212	280.989	280.796	280.629	280.484	280.360	280.254	280.166	280.092	280.033	279.986	279.952	279.930	279.918
282.955	282.529	282.158	281.834	281.554	281.313	281.105	280.929	280.781	280.658	280.558	280.481	280.424	280.386	280.367
283.023	282.589	282.211	281.882	281.597	281.350	281.139	280.960	280.809	280.683	280.582	280.503	280.445	280.407	280.388
280.330	280.206	280.097	280.003	279.922	279.851	279.791	279.739	279.696	279.660	279.631	279.609	279.592	279.581	279.576
281.800	281.506	281.251	281.028	280.835	280.669	280.527	280.405	280.303	280.219	280.150	280.097	280.057	280.032	280.019
280.210	280.100	280.003	279.920	279.847	279.784	279.731	279.685	279.647	279.615	279.589	279.569	279.554	279.544	279.539
281.170	280.949	280.757	280.589	280.444	280.319	280.211	280.120	280.043	279.979	279.928	279.888	279.858	279.839	279.829
279.736	279.680	279.631	279.589	279.552	279.520	279.493	279.470	279.451	279.435	279.421	279.411	279.404	279.399	279.396
279.797	279.734	279.679	279.631	279.590	279.554	279.524	279.498	279.476	279.458	279.443	279.432	279.423	279.418	279.415
282.004	281.688	281.411	281.171	280.963	280.783	280.629	280.498	280.388	280.296	280.222	280.165	280.122	280.094	280.081
281.675	281.396	281.153	280.941	280.758	280.600	280.464	280.349	280.252	280.171	280.106	280.055	280.018	279.993	279.981
280.830	280.649	280.490	280.352	280.233	280.130	280.041	279.966	279.903	279.850	279.808	279.775	279.751	279.735	279.727
277.010	277.267	277.492	277.687	277.857	278.003	278.128	278.235	278.325	278.399	278.459	278.506	278.540	278.563	278.574
273.297	273.982	274.579	275.098	275.548	275.936	276.269	276.553	276.791	276.989	277.148	277.273	277.365	277.425	277.455
277.613	277.801	277.965	278.108	278.232	278.339	278.430	278.508	278.574	278.628	278.672	278.706	278.732	278.748	278.756
283.998	283.452	282.976	282.562	282.203	281.893	281.627	281.401	281.211	281.054	280.926	280.827	280.754	280.706	280.682
285.553	284.828	284.195	283.646	283.169	282.758	282.406	282.106	281.853	281.644	281.475	281.343	281.246	281.182	281.150
289.474	288.298	287.273	286.381	285.608	284.941	284.369	283.883	283.473	283.134	282.860	282.646	282.488	282.384	282.333
286.465	285.635	284.911	284.282	283.737	283.266	282.863	282.519	282.230	281.991	281.797	281.646	281.535	281.462	281.426
287.611	286.649	285.810	285.081	284.449	283.904	283.436	283.038	282.703	282.426	282.202	282.027	281.898	281.813	281.771
287.205	286.290	285.492	284.799	284.197	283.678	283.233	282.855	282.536	282.272	282.059	281.892	281.769	281.689	281.649
286.517	285.681	284.952	284.319	283.769	283.295	282.889	282.543	282.252	282.011	281.816	281.663	281.551	281.478	281.441
284.172	283.606	283.113	282.683	282.311	281.990	281.715	281.480	281.283	281.120	280.988	280.885	280.809	280.759	280.734
283.201	282.747	282.350	282.006	281.707	281.449	281.228	281.040	280.882	280.751	280.645	280.562	280.501	280.461	280.441
279.646	279.601	279.561	279.526	279.496	279.471	279.448	279.430	279.414	279.401	279.390	279.382	279.375	279.371	279.369
284.064	283.510	283.027	282.607	282.244	281.930	281.660	281.431	281.238	281.079	280.950	280.849	280.775	280.726	280.702
285.224	284.537	283.938	283.417	282.965	282.576	282.241	281.957	281.718	281.520	281.359	281.234	281.142	281.081	281.051
285.090	284.418	283.832	283.323	282.881	282.501	282.174	281.896	281.662	281.468	281.312	281.189	281.099	281.040	281.011
284.967	284.310	283.736	283.238	282.805	282.432	282.113	281.841	281.612	281.422	281.269	281.149	281.061	281.003	280.974
283.746	283.228	282.778	282.386	282.046	281.753	281.501	281.287	281.107	280.958	280.837	280.743	280.674	280.628	280.606
280.345	280.219	280.109	280.014	279.931	279.859	279.798	279.746	279.702	279.666	279.637	279.614	279.597	279.586	279.580
276.278	276.620	276.918	277.177	277.402	277.596	277.762	277.903	278.022	278.121	278.201	278.263	278.309	278.339	278.354
272.701	273.454	274.111	274.682	275.177	275.604	275.971	276.282	276.545	276.762	276.938	277.075	277.176	277.242	277.275
279.272	279.270	279.268	279.266	279.264	279.263	279.261	279.260	279.259	279.259	279.258	279.257	279.257	279.257	279.257
273.771	274.401	274.950	275.428	275.842	276.200	276.506	276.767	276.987	277.168	277.315	277.430	277.515	277.570	277.598
275.054	275.537	275.958	276.324	276.641	276.914	277.149	277.349	277.517	277.656	277.769	277.857	277.921	277.964	277.985
275.769	276.169	276.518	276.822	277.085	277.312	277.507	277.673	277.812	277.927	278.021	278.094	278.147	278.183	278.200
273.056	273.769	274.390	274.930	275.398	275.802	276.149	276.444	276.692	276.897	277.063	277.193	277.288	277.351	277.382
273.648	274.293	274.854	275.343	275.766	276.132	276.445	276.712	276.936	277.122	277.272	277.390	277.476	277.533	277.561
279.394	279.377	279.363	279.350	279.339	279.330	279.322	279.315	279.309	279.305	279.301	279.298	279.296	279.294	279.293
278.653	278.722	278.782	278.834	278.879	278.918	278.951	278.980	279.004	279.023	279.039	279.052	279.061	279.067	279.070
278.305	278.413	278.508	278.591	278.662	278.724	278.777	278.822	278.860	278.891	278.916	278.936	278.951	278.960	278.965
282.880	282.462	282.098	281.781	281.507	281.270	281.067	280.895	280.749	280.629	280.531	280.455	280.399	280.363	280.344
280.059	279.966	279.885	279.815	279.753	279.701	279.655	279.617	279.584	279.558	279.536	279.519	279.506	279.498	279.494
278.871	278.914	278.952	278.985	279.014	279.039	279.060	279.078	279.093	279.106	279.116	279.124	279.130	279.134	279.136
280.193	280.085	279.990	279.908	279.836	279.775	279.722	279.677	279.640	279.608	279.583	279.563	279.549	279.539	279.534
281.686	281.406	281.162	280.949	280.765	280.606	280.470	280.354	280.256	280.176	280.110	280.059	280.022	279.997	279.985
283.250	282.790	282.389	282.040	281.737	281.476	281.253	281.062	280.902	280.769	280.662	280.578	280.517	280.476	280.456
280.316	280.194	280.087	279.994	279.913	279.844	279.784	279.733	279.691	279.655	279.627	279.604	279.588	279.577	279.572
278.297	278.406	278.502	278.585	278.657	278.719	278.773	278.818	278.856	278.888	278.913	278.933	278.948	278.958	278.963
274.340	274.905	275.397	275.825	276.197	276.517	276.792	277.025	277.222	277.385	277.516	277.619	277.695	277.745	277.769
277.110	277.356	277.571	277.758	277.919	278.059	278.179	278.280	278.366	278.437	278.495	278.539	278.572	278.594	278.605
276.901	277.171	277.407	277.612	277.789	277.942	278.074	278.186	278.280	278.358	278.421	278.470	278.506	278.530	278.542
276.809	277.090	277.335	277.548	277.732	277.891	278.028	278.144	278.242	278.323	278.388	278.439	278.477	278.502	278.514
273.703	274.341	274.897	275.381	275.800	276.162	276.472	276.736	276.959	277.143	277.291	277.408	277.493	277.549	277.577
277.719	277.895	278.049	278.182	278.298	278.398	278.484	278.556	278.618	278.669	278.710	278.742	278.765	278.781	278.788
280.012	279.924	279.848	279.781	279.724	279.674	279.631	279.595	279.565	279.539	279.519	279.503	279.491	279.484	279.480
284.639	284.019	283.479	283.009	282.601	282.250	281.948	281.692	281.476	281.297	281.153	281.040	280.957	280.902	280.875
284.560	283.949	283.416	282.953	282.552	282.206	281.909	281.656	281.443	281.267	281.125	281.013	280.932	280.878	280.851
283.541	283.047	282.617	282.243	281.918	281.638	281.398	281.194	281.022	280.880	280.765	280.675	280.609	280.565	280.544
281.858	281.558	281.297	281.069	280.872	280.702	280.556	280.432	280.327	280.241	280.171	280.116	280.076	280.050	280.037
283.262	282.801	282.398	282.048	281.745	281.483	281.259	281.068	280.907	280.774	280.667	280.583	280.521	280.480	280.460
284.804	284.165	283.608	283.124	282.704	282.342	282.031	281.767	281.544	281.360	281.211	281.095	281.009	280.953	280.925
283.831	283.304	282.844	282.445	282.099	281.800	281.544	281.325	281.142	280.990	280.867	280.771	280.701	280.654	280.631
279.287	279.283	279.279	279.276	279.273	279.271	279.269	279.267	279.265	279.264	279.263	279.262	279.262	279.261	279.261
281.186	280.963	280.769	280.600	280.454	280.328	280.219	280.127	280.050	279.985	279.933	279.893	279.863	279.843	279.834
286.981	286.092	285.317	284.642	284.058	283.554	283.121	282.753	282.443	282.187	281.980	281.818	281.698	281.620	281.581
284.203	283.633	283.137	282.705	282.330	282.007	281.730	281.494	281.296	281.132	280.999	280.895	280.819	280.768	280.744
280.556	280.406	280.275	280.161	280.062	279.977	279.904	279.842	279.790	279.746	279.711	279.684	279.664	279.651	279.644
277.514	277.714	277.888	278.040	278.171	278.284	278.381	278.464	278.533	278.591	278.637	278.674	278.700	278.718	278.727
275.891	276.277	276.614	276.907	277.161	277.380	277.568	277.728	277.863	277.974	278.064	278.134	278.186	278.220	278.237
272.651	273.410	274.072	274.647	275.146	275.577	275.946	276.260	276.524	276.743	276.920	277.058	277.160	277.227	277.260
273.804	274.431	274.977	275.452	275.864	276.219	276.523	276.783	277.001	277.181	277.327	277.441	277.525	277.581	277.608
277.939	278.090	278.221	278.336	278.435	278.520	278.594	278.656	278.708	278.752	278.787	278.815	278.835	278.848	278.855
271.266	272.185	272.985	273.682	274.285	274.806	275.253	275.633	275.952	276.217	276.431	276.599	276.722	276.802	276.843
270.299	271.329	272.227	273.007	273.684	274.268	274.768	275.194	275.553	275.850	276.090	276.277	276.415	276.506	276.551
270.802	271.774	272.621	273.358	273.996	274.547	275.020	275.422	275.761	276.041	276.267	276.444	276.575	276.660	276.703
270.315	271.343	272.239	273.018	273.694	274.276	274.776	275.202	275.559	275.856	276.096	276.283	276.420	276.511	276.556
272.575	273.343	274.012	274.594	275.099	275.534	275.908	276.226	276.493	276.714	276.893	277.033	277.136	277.204	277.237
275.545	275.971	276.342	276.666	276.946	277.187	277.395	277.571	277.719	277.842	277.942	278.019	278.076	278.114	278.133
278.189	278.311	278.418	278.510	278.590	278.660	278.719	278.769	278.812	278.847	278.875	278.898	278.914	278.925	278.930
279.868	279.797	279.735	279.681	279.634	279.594	279.560	279.530	279.505	279.485	279.468	279.455	279.446	279.439	279.436
273.936	274.547	275.080	275.544	275.945	276.292	276.589	276.842	277.055	277.231	277.374	277.485	277.567	277.621	277.648
275.729	276.134	276.487	276.794	277.060	277.290	277.487	277.655	277.796	277.912	278.007	278.081	278.135	278.171	278.188
274.177	274.761	275.269	275.712	276.095	276.426	276.710	276.951	277.155	277.323	277.459	277.565	277.643	277.695	277.720
273.040	273.755	274.377	274.919	275.388	275.793	276.141	276.436	276.685	276.891	277.058	277.188	277.283	277.346	277.378
278.590	278.666	278.732	278.790	278.840	278.883	278.920	278.951	278.977	278.999	279.017	279.031	279.041	279.048	279.051
278.037	278.177	278.299	278.404	278.496	278.575	278.643	278.701	278.749	278.789	278.822	278.847	278.866	278.878	278.884
276.054	276.422	276.742	277.021	277.263	277.471	277.650	277.802	277.930	278.036	278.122	278.189	278.238	278.270	278.286
271.216	272.141	272.946	273.647	274.254	274.778	275.228	275.610	275.932	276.198	276.414	276.582	276.706	276.787	276.828
270.974	271.926	272.756	273.478	274.103	274.643	275.106	275.500	275.832	276.106	276.328	276.502	276.629	276.713	276.755
277.337	277.557	277.749	277.916	278.060	278.185	278.292	278.383	278.460	278.523	278.574	278.615	278.644	278.663	278.673
271.105	272.042	272.859	273.570	274.185	274.716	275.172	275.560	275.886	276.156	276.375	276.545	276.671	276.753	276.794
270.012	271.075	272.001	272.807	273.505	274.108	274.624	275.064	275.434	275.741	275.988	276.182	276.324	276.418	276.464
273.311	273.994	274.590	275.108	275.557	275.944	276.276	276.559	276.797	276.994	277.153	277.278	277.369	277.429	277.459
276.348	276.682	276.973	277.226	277.446	277.635	277.797	277.935	278.051	278.148	278.226	278.286	278.331	278.360	278.375
280.637	280.477	280.338	280.217	280.112	280.022	279.944	279.878	279.823	279.777	279.740	279.711	279.689	279.675	279.668
281.934	281.625	281.356	281.122	280.919	280.744	280.594	280.466	280.359	280.270	280.198	280.141	280.100	280.073	280.059
283.352	282.880	282.468	282.111	281.801	281.533	281.304	281.108	280.944	280.808	280.698	280.612	280.549	280.507	280.487
278.734	278.793	278.845	278.890	278.929	278.963	278.992	279.016	279.037	279.054	279.068	279.079	279.087	279.092	279.094
278.542	278.624	278.695	278.756	278.810	278.856	278.896	278.929	278.958	278.981	279.000	279.015	279.026	279.033	279.037
280.007	279.920	279.844	279.778	279.721	279.672	279.629	279.593	279.563	279.538	279.517	279.502	279.490	279.482	279.478
276.455	276.776	277.057	277.300	277.512	277.694	277.850	277.983	278.095	278.188	278.263	278.322	278.365	278.393	278.407
280.818	280.638	280.480	280.344	280.225	280.123	280.035	279.960	279.898	279.846	279.804	279.771	279.747	279.731	279.723
281.475	281.219	280.996	280.802	280.633	280.488	280.364	280.258	280.169	280.095	280.035	279.989	279.955	279.932	279.921
277.731	277.905	278.058	278.190	278.305	278.404	278.489	278.562	278.622	278.673	278.714	278.745	278.769	278.784	278.792
275.420	275.861	276.245	276.579	276.868	277.118	277.332	277.515	277.668	277.795	277.898	277.978	278.037	278.076	278.095
276.417	276.743	277.027	277.274	277.488	277.673	277.832	277.967	278.080	278.174	278.250	278.309	278.353	278.382	278.396
280.573	280.421	280.288	280.173	280.073	279.987	279.913	279.850	279.797	279.753	279.717	279.690	279.669	279.656	279.649
279.592	279.553	279.518	279.488	279.463	279.440	279.421	279.405	279.391	279.380	279.371	279.364	279.358	279.355	279.353
279.575	279.538	279.505	279.477	279.452	279.431	279.413	279.397	279.384	279.373	279.365	279.358	279.353	279.350	279.348
280.191	280.083	279.988	279.906	279.835	279.774	279.721	279.676	279.639	279.607	279.582	279.562	279.548	279.538	279.534
275.847	276.238	276.580	276.876	277.134	277.356	277.546	277.708	277.844	277.957	278.048	278.120	278.172	278.207	278.224
276.476	276.795	277.074	277.315	277.525	277.706	277.861	277.993	278.104	278.196	278.271	278.329	278.372	278.400	278.414
273.339	274.019	274.612	275.127	275.574	275.960	276.290	276.572	276.809	277.005	277.163	277.287	277.378	277.438	277.468
273.940	274.551	275.084	275.547	275.948	276.294	276.591	276.844	277.057	277.233	277.375	277.487	277.568	277.622	277.649
273.372	274.048	274.638	275.150	275.595	275.978	276.307	276.587	276.822	277.017	277.175	277.298	277.388	277.448	277.478
273.363	274.040	274.631	275.144	275.589	275.973	276.302	276.583	276.818	277.014	277.172	277.295	277.386	277.445	277.475
271.160	272.091	272.902	273.607	274.219	274.747	275.199	275.584	275.908	276.177	276.394	276.563	276.688	276.770	276.811
271.589	272.470	273.239	273.907	274.486	274.985	275.414	275.779	276.086	276.340	276.545	276.706	276.824	276.901	276.940
272.318	273.115	273.811	274.415	274.939	275.391	275.779	276.109	276.387	276.617	276.803	276.948	277.055	277.125	277.160
272.505	273.281	273.957	274.545	275.055	275.495	275.873	276.194	276.464	276.688	276.869	277.010	277.114	277.182	277.216
275.083	275.562	275.980	276.343	276.658	276.930	277.163	277.362	277.529	277.667	277.779	277.866	277.930	277.972	277.993
281.486	281.229	281.004	280.809	280.640	280.495	280.370	280.263	280.174	280.099	280.039	279.993	279.958	279.935	279.924
278.995	279.025	279.050	279.072	279.092	279.108	279.122	279.135	279.145	279.153	279.160	279.165	279.169	279.172	279.173
276.087	276.451	276.768	277.044	277.283	277.489	277.666	277.817	277.943	278.048	278.133	278.199	278.248	278.280	278.296
274.212	274.792	275.297	275.736	276.117	276.446	276.727	276.967	277.169	277.336	277.471	277.577	277.654	277.706	277.731
272.603	273.368	274.035	274.614	275.117	275.550	275.922	276.238	276.505	276.725	276.903	277.043	277.145	277.212	277.246
272.646	273.406	274.068	274.644	275.143	275.574	275.944	276.258	276.522	276.741	276.919	277.057	277.159	277.226	277.259
278.913	278.951	278.985	279.015	279.040	279.062	279.081	279.097	279.111	279.122	279.131	279.138	279.143	279.147	279.148
272.549	273.320	273.992	274.576	275.083	275.520	275.895	276.214	276.482	276.704	276.884	277.025	277.128	277.196	277.229
272.113	272.934	273.650	274.272	274.812	275.277	275.677	276.016	276.302	276.539	276.730	276.880	276.990	277.062	277.098
270.910	271.869	272.706	273.433	274.063	274.607	275.074	275.471	275.805	276.082	276.305	276.480	276.609	276.693	276.735
275.582	276.004	276.372	276.692	276.969	277.208	277.413	277.588	277.735	277.857	277.955	278.032	278.088	278.126	278.144
274.606	275.140	275.606	276.011	276.362	276.665	276.925	277.146	277.332	277.486	277.610	277.708	277.779	277.826	277.850
275.562	275.986	276.356	276.677	276.956	277.197	277.403	277.579	277.726	277.849	277.948	278.025	278.082	278.119	278.138
277.663	277.845	278.005	278.143	278.263	278.366	278.455	278.531	278.594	278.647	278.690	278.723	278.747	278.763	278.771
276.063	276.430	276.749	277.027	277.268	277.476	277.654	277.806	277.934	278.039	278.125	278.192	278.241	278.273	278.289
273.380	274.055	274.644	275.156	275.600	275.982	276.311	276.590	276.825	277.020	277.178	277.300	277.391	277.450	277.480
272.710	273.462	274.118	274.689	275.183	275.609	275.975	276.287	276.549	276.765	276.941	277.078	277.179	277.245	277.278
274.030	274.631	275.154	275.609	276.004	276.344	276.636	276.885	277.094	277.267	277.407	277.516	277.597	277.650	277.676
275.564	275.988	276.358	276.679	276.958	277.198	277.404	277.580	277.727	277.850	277.949	278.026	278.083	278.120	278.138
275.377	275.823	276.211	276.549	276.841	277.094	277.311	277.495	277.650	277.779	277.883	277.964	278.023	278.063	278.082
274.861	275.366	275.806	276.189	276.520	276.807	277.052	277.261	277.437	277.583	277.700	277.792	277.860	277.904	277.926
273.875	274.493	275.032	275.501	275.907	276.258	276.559	276.814	277.030	277.208	277.352	277.465	277.548	277.602	277.629
274.456	275.007	275.488	275.906	276.268	276.581	276.849	277.078	277.270	277.429	277.557	277.658	277.732	277.780	277.804
278.011	278.154	278.278	278.386	278.480	278.561	278.630	278.689	278.738	278.779	278.813	278.839	278.858	278.870	278.877
276.218	276.567	276.871	277.135	277.365	277.562	277.732	277.876	277.998	278.098	278.180	278.243	278.290	278.321	278.336
275.767	276.167	276.517	276.821	277.084	277.311	277.506	277.672	277.811	277.927	278.020	278.093	278.147	278.182	278.200
276.537	276.849	277.122	277.358	277.563	277.740	277.892	278.021	278.130	278.220	278.292	278.349	278.391	278.418	278.432
278.316	278.423	278.517	278.599	278.669	278.730	278.782	278.827	278.864	278.895	278.920	278.940	278.954	278.964	278.968
277.813	277.979	278.123	278.248	278.357	278.450	278.531	278.599	278.657	278.704	278.743	278.773	278.795	278.810	278.817
278.703	278.766	278.821	278.869	278.910	278.946	278.976	279.002	279.024	279.042	279.057	279.068	279.077	279.082	279.085
277.967	278.115	278.244	278.355	278.452	278.536	278.608	278.669	278.720	278.763	278.797	278.824	278.844	278.857	278.863
277.142	277.384	277.596	277.780	277.939	278.077	278.195	278.295	278.379	278.449	278.506	278.550	278.582	278.604	278.614
276.899	277.169	277.405	277.610	277.788	277.941	278.073	278.185	278.279	278.357	278.420	278.469	278.505	278.529	278.541
279.231	279.233	279.235	279.237	279.238	279.239	279.240	279.241	279.242	279.243	279.243	279.244	279.244	279.244	279.244
281.850	281.551	281.290	281.063	280.867	280.697	280.552	280.428	280.324	280.238	280.168	280.113	280.073	280.047	280.034
280.458	280.319	280.198	280.093	280.001	279.922	279.855	279.797	279.749	279.709	279.676	279.651	279.633	279.620	279.614
280.258	280.142	280.041	279.953	279.877	279.811	279.755	279.707	279.666	279.633	279.606	279.585	279.569	279.559	279.554
278.168	278.292	278.401	278.495	278.577	278.648	278.708	278.760	278.803	278.839	278.868	278.891	278.907	278.918	278.924
279.698	279.647	279.602	279.563	279.529	279.500	279.474	279.453	279.435	279.420	279.408	279.399	279.392	279.387	279.385
279.226	279.229	279.231	279.233	279.235	279.237	279.238	279.239	279.240	279.241	279.242	279.242	279.242	279.243	279.243
279.048	279.071	279.091	279.109	279.124	279.137	279.149	279.158	279.166	279.173	279.179	279.183	279.186	279.188	279.189
280.608	280.451	280.315	280.197	280.094	280.006	279.930	279.865	279.811	279.766	279.729	279.701	279.680	279.666	279.659
286.662	285.809	285.066	284.420	283.859	283.376	282.961	282.608	282.312	282.066	281.867	281.712	281.597	281.522	281.485
289.592	288.402	287.365	286.463	285.681	285.007	284.428	283.936	283.522	283.179	282.901	282.685	282.525	282.420	282.368
286.093	285.305	284.619	284.022	283.505	283.059	282.676	282.350	282.076	281.849	281.666	281.522	281.417	281.348	281.313
283.925	283.388	282.919	282.511	282.157	281.853	281.591	281.368	281.181	281.026	280.901	280.803	280.731	280.683	280.660
279.882	279.809	279.746	279.691	279.643	279.602	279.566	279.536	279.511	279.490	279.473	279.460	279.450	279.444	279.441
277.973	278.120	278.248	278.360	278.456	278.539	278.611	278.672	278.723	278.765	278.799	278.826	278.846	278.859	278.865
279.378	279.363	279.351	279.339	279.330	279.321	279.314	279.308	279.303	279.299	279.295	279.293	279.291	279.289	279.289
281.373	281.129	280.916	280.731	280.570	280.432	280.313	280.212	280.127	280.057	280.000	279.955	279.922	279.901	279.890
280.441	280.304	280.185	280.081	279.991	279.913	279.846	279.790	279.742	279.702	279.670	279.646	279.627	279.615	279.609
285.409	284.701	284.083	283.546	283.080	282.679	282.334	282.041	281.794	281.590	281.425	281.296	281.201	281.138	281.107
283.550	283.055	282.624	282.249	281.924	281.644	281.403	281.198	281.026	280.884	280.768	280.678	280.612	280.568	280.547
281.963	281.651	281.379	281.142	280.937	280.760	280.609	280.479	280.371	280.281	280.208	280.151	280.109	280.082	280.068
281.321	281.082	280.875	280.694	280.538	280.403	280.287	280.188	280.105	280.037	279.981	279.938	279.906	279.885	279.874
282.687	282.292	281.947	281.647	281.387	281.163	280.971	280.807	280.670	280.556	280.463	280.391	280.339	280.304	280.286
279.906	279.831	279.765	279.708	279.658	279.615	279.578	279.547	279.521	279.499	279.482	279.468	279.458	279.451	279.448
279.307	279.301	279.295	279.290	279.286	279.282	279.279	279.276	279.274	279.272	279.270	279.269	279.268	279.268	279.267
282.423	282.058	281.740	281.463	281.223	281.016	280.839	280.688	280.561	280.456	280.370	280.304	280.255	280.223	280.207
280.100	280.002	279.917	279.843	279.779	279.723	279.676	279.635	279.601	279.573	279.550	279.532	279.519	279.511	279.506
279.684	279.634	279.591	279.553	279.520	279.492	279.467	279.447	279.429	279.415	279.403	279.394	279.388	279.383	279.381
280.193	280.085	279.990	279.908	279.837	279.775	279.722	279.677	279.640	279.608	279.583	279.563	279.549	279.539	279.534
277.092	277.340	277.557	277.745	277.908	278.049	278.169	278.272	278.359	278.430	278.488	278.533	278.567	278.588	278.599
274.748	275.266	275.717	276.110	276.450	276.744	276.996	277.210	277.390	277.540	277.661	277.755	277.824	277.870	277.892
276.039	276.408	276.730	277.010	277.253	277.463	277.642	277.795	277.924	278.030	278.116	278.184	278.233	278.266	278.282
275.974	276.351	276.680	276.965	277.213	277.426	277.610	277.766	277.897	278.006	278.093	278.162	278.213	278.246	278.262
277.064	277.315	277.535	277.725	277.891	278.033	278.155	278.259	278.347	278.420	278.478	278.524	278.558	278.580	278.591
276.934	277.201	277.433	277.635	277.810	277.961	278.091	278.201	278.294	278.370	278.432	278.481	278.517	278.540	278.552
279.888	279.815	279.751	279.695	279.647	279.605	279.569	279.539	279.514	279.492	279.475	279.462	279.452	279.446	279.442
282.229	281.886	281.587	281.327	281.102	280.908	280.741	280.600	280.480	280.382	280.302	280.239	280.193	280.163	280.148
284.106	283.548	283.061	282.637	282.270	281.953	281.682	281.450	281.256	281.095	280.965	280.863	280.788	280.739	280.714
285.340	284.640	284.029	283.498	283.037	282.640	282.299	282.009	281.766	281.564	281.400	281.273	281.179	281.117	281.086
283.384	282.909	282.494	282.133	281.821	281.551	281.320	281.123	280.958	280.821	280.710	280.623	280.559	280.517	280.497
280.635	280.476	280.337	280.216	280.111	280.021	279.944	279.878	279.822	279.776	279.739	279.710	279.689	279.675	279.668
284.005	283.458	282.981	282.566	282.207	281.897	281.631	281.404	281.214	281.056	280.929	280.829	280.756	280.708	280.684
290.183	288.926	287.829	286.876	286.049	285.336	284.724	284.204	283.766	283.404	283.110	282.881	282.713	282.602	282.547
292.189	290.700	289.403	288.274	287.296	286.452	285.729	285.113	284.594	284.165	283.818	283.547	283.348	283.217	283.152
292.023	290.553	289.272	288.159	287.193	286.360	285.645	285.037	284.526	284.102	283.760	283.492	283.295	283.166	283.101
292.127	290.646	289.355	288.231	287.258	286.418	285.698	285.085	284.569	284.142	283.796	283.527	283.328	283.198	283.133
292.230	290.737	289.435	288.303	287.322	286.475	285.749	285.131	284.611	284.181	283.833	283.561	283.361	283.229	283.164
292.620	291.082	289.741	288.575	287.565	286.692	285.944	285.308	284.773	284.329	283.970	283.690	283.484	283.349	283.282
292.133	290.651	289.359	288.235	287.261	286.421	285.700	285.087	284.571	284.144	283.798	283.528	283.330	283.199	283.135
289.332	288.172	287.161	286.282	285.520	284.862	284.298	283.818	283.414	283.080	282.809	282.598	282.443	282.341	282.290
281.984	281.670	281.395	281.157	280.950	280.772	280.619	280.489	280.379	280.289	280.215	280.158	280.116	280.088	280.074
279.485	279.458	279.435	279.414	279.396	279.381	279.368	279.357	279.347	279.339	279.333	279.328	279.325	279.322	279.321
280.294	280.174	280.070	279.978	279.900	279.831	279.773	279.723	279.681	279.647	279.619	279.597	279.581	279.570	279.565
282.158	281.824	281.532	281.279	281.059	280.869	280.706	280.568	280.451	280.355	280.277	280.216	280.171	280.142	280.127
286.287	285.477	284.772	284.158	283.626	283.167	282.773	282.438	282.157	281.923	281.734	281.587	281.479	281.407	281.372
289.530	288.348	287.317	286.420	285.643	284.972	284.397	283.908	283.496	283.155	282.880	282.664	282.506	282.402	282.350
288.519	287.453	286.523	285.715	285.014	284.410	283.891	283.450	283.079	282.771	282.522	282.328	282.185	282.092	282.045
291.138	289.770	288.578	287.541	286.643	285.867	285.202	284.637	284.160	283.766	283.447	283.198	283.015	282.894	282.835
295.500	293.630	292.001	290.584	289.355	288.295	287.386	286.613	285.962	285.423	284.987	284.647	284.396	284.232	284.150
292.693	291.147	289.799	288.626	287.610	286.733	285.981	285.341	284.803	284.357	283.996	283.715	283.507	283.371	283.304
287.121	286.215	285.426	284.739	284.144	283.631	283.191	282.816	282.501	282.240	282.029	281.864	281.743	281.663	281.623
286.271	285.464	284.760	284.147	283.616	283.158	282.766	282.431	282.150	281.917	281.729	281.582	281.474	281.403	281.367
287.936	286.937	286.066	285.308	284.652	284.085	283.599	283.186	282.838	282.550	282.317	282.135	282.001	281.913	281.869
288.445	287.387	286.465	285.663	284.968	284.368	283.854	283.416	283.048	282.743	282.496	282.304	282.162	282.069	282.022
291.036	289.680	288.498	287.471	286.580	285.811	285.151	284.590	284.118	283.728	283.411	283.164	282.983	282.863	282.804
292.188	290.700	289.402	288.274	287.296	286.452	285.728	285.112	284.594	284.165	283.818	283.547	283.347	283.216	283.151
294.263	292.536	291.030	289.721	288.586	287.607	286.767	286.052	285.451	284.953	284.550	284.236	284.005	283.852	283.777
293.229	291.621	290.219	289.000	287.943	287.031	286.249	285.584	285.024	284.560	284.185	283.893	283.677	283.535	283.465
292.045	290.573	289.290	288.174	287.207	286.372	285.656	285.047	284.535	284.111	283.767	283.499	283.302	283.172	283.108
291.906	290.450	289.181	288.077	287.120	286.295	285.587	284.985	284.478	284.058	283.718	283.453	283.258	283.130	283.066
294.626	292.857	291.315	289.974	288.812	287.809	286.949	286.217	285.601	285.091	284.679	284.356	284.119	283.964	283.886
294.588	292.824	291.285	289.948	288.788	287.788	286.930	286.200	285.585	285.077	284.665	284.344	284.108	283.952	283.875
295.926	294.007	292.335	290.881	289.620	288.533	287.600	286.806	286.138	285.585	285.137	284.788	284.531	284.362	284.278
294.452	292.703	291.179	289.853	288.704	287.712	286.862	286.138	285.529	285.025	284.617	284.299	284.064	283.910	283.834
294.425	292.679	291.157	289.834	288.687	287.697	286.848	286.126	285.518	285.015	284.608	284.290	284.056	283.902	283.826
291.219	289.842	288.642	287.598	286.693	285.913	285.243	284.673	284.194	283.797	283.476	283.225	283.041	282.919	282.859
290.810	289.480	288.321	287.313	286.439	285.685	285.038	284.488	284.025	283.642	283.331	283.089	282.911	282.794	282.736
288.351	287.304	286.391	285.597	284.910	284.316	283.807	283.374	283.009	282.707	282.463	282.272	282.132	282.040	281.994
289.462	288.287	287.263	286.372	285.600	284.934	284.363	283.877	283.468	283.129	282.855	282.641	282.484	282.381	282.329
288.073	287.058	286.173	285.404	284.737	284.161	283.668	283.248	282.895	282.602	282.365	282.180	282.044	281.955	281.911
289.180	288.037	287.041	286.176	285.425	284.777	284.222	283.749	283.351	283.022	282.756	282.548	282.395	282.294	282.244
289.546	288.361	287.329	286.431	285.653	284.981	284.405	283.915	283.503	283.161	282.885	282.669	282.511	282.406	282.355
288.151	287.127	286.235	285.458	284.785	284.205	283.707	283.283	282.927	282.632	282.393	282.206	282.069	281.979	281.934
289.389	288.223	287.206	286.322	285.555	284.894	284.327	283.844	283.438	283.102	282.830	282.617	282.461	282.358	282.307
289.247	288.097	287.094	286.222	285.467	284.815	284.255	283.780	283.379	283.048	282.779	282.570	282.416	282.315	282.264
288.756	287.663	286.709	285.880	285.162	284.542	284.010	283.557	283.177	282.861	282.606	282.407	282.261	282.164	282.116
287.614	286.652	285.813	285.084	284.451	283.906	283.438	283.040	282.705	282.427	282.203	282.028	281.899	281.814	281.772
289.244	288.094	287.092	286.221	285.465	284.813	284.254	283.778	283.378	283.047	282.779	282.569	282.415	282.314	282.264
291.707	290.274	289.024	287.938	286.996	286.184	285.487	284.894	284.395	283.982	283.648	283.387	283.195	283.069	283.006
294.409	292.665	291.145	289.823	288.677	287.688	286.840	286.119	285.511	285.009	284.602	284.284	284.051	283.897	283.821
299.504	297.174	295.143	293.377	291.846	290.525	289.391	288.427	287.616	286.944	286.401	285.977	285.664	285.459	285.357
298.609	296.382	294.440	292.752	291.289	290.026	288.943	288.021	287.246	286.604	286.085	285.679	285.381	285.185	285.087
294.083	292.377	290.889	289.595	288.474	287.507	286.677	285.971	285.377	284.885	284.487	284.176	283.948	283.797	283.723
290.479	289.187	288.061	287.082	286.233	285.501	284.872	284.338	283.888	283.516	283.215	282.979	282.806	282.692	282.636
290.637	289.327	288.185	287.192	286.331	285.588	284.951	284.409	283.953	283.576	283.270	283.032	282.856	282.741	282.683
289.906	288.680	287.612	286.682	285.877	285.182	284.586	284.078	283.652	283.298	283.012	282.789	282.625	282.517	282.463
290.992	289.641	288.464	287.440	286.552	285.786	285.129	284.570	284.100	283.711	283.396	283.150	282.969	282.850	282.791
291.112	289.748	288.558	287.523	286.627	285.853	285.189	284.625	284.150	283.756	283.438	283.190	283.007	282.887	282.827
294.276	292.547	291.040	289.730	288.594	287.614	286.774	286.058	285.457	284.958	284.555	284.240	284.009	283.856	283.781
289.859	288.639	287.575	286.649	285.848	285.156	284.562	284.057	283.632	283.280	282.996	282.773	282.610	282.502	282.449
286.220	285.418	284.719	284.111	283.584	283.130	282.740	282.408	282.129	281.898	281.711	281.565	281.457	281.387	281.352
289.618	288.425	287.385	286.481	285.698	285.021	284.441	283.948	283.533	283.189	282.911	282.693	282.534	282.428	282.376
292.006	290.539	289.260	288.147	287.183	286.351	285.637	285.030	284.519	284.096	283.754	283.487	283.290	283.161	283.097
288.251	287.215	286.313	285.528	284.847	284.260	283.757	283.328	282.968	282.669	282.428	282.239	282.100	282.009	281.964
288.910	287.799	286.830	285.988	285.258	284.627	284.087	283.627	283.240	282.920	282.661	282.458	282.309	282.212	282.163
291.917	290.459	289.189	288.084	287.127	286.301	285.592	284.989	284.482	284.062	283.722	283.457	283.261	283.133	283.069
291.977	290.513	289.237	288.127	287.165	286.335	285.623	285.017	284.507	284.085	283.744	283.477	283.281	283.152	283.088
297.272	295.199	293.392	291.820	290.458	289.282	288.274	287.416	286.694	286.097	285.613	285.235	284.958	284.775	284.684
295.749	293.851	292.196	290.757	289.510	288.434	287.511	286.726	286.065	285.518	285.075	284.729	284.475	284.308	284.225
292.881	291.313	289.946	288.757	287.727	286.838	286.075	285.426	284.881	284.428	284.063	283.777	283.567	283.429	283.360
289.642	288.446	287.404	286.498	285.712	285.034	284.453	283.958	283.542	283.198	282.919	282.701	282.541	282.436	282.383
288.827	287.726	286.765	285.930	285.206	284.581	284.045	283.590	283.206	282.888	282.631	282.431	282.283	282.186	282.138
288.192	287.163	286.266	285.486	284.810	284.227	283.727	283.301	282.943	282.647	282.407	282.220	282.082	281.991	281.946
290.004	288.766	287.688	286.750	285.937	285.236	284.634	284.122	283.692	283.335	283.047	282.821	282.656	282.547	282.493
293.917	292.230	290.759	289.480	288.371	287.414	286.594	285.896	285.308	284.822	284.428	284.121	283.895	283.746	283.673
292.733	291.182	289.830	288.654	287.635	286.755	286.001	285.359	284.819	284.372	284.010	283.728	283.520	283.383	283.316
293.311	291.693	290.283	289.057	287.994	287.077	286.290	285.621	285.058	284.592	284.214	283.920	283.703	283.561	283.490
297.760	295.631	293.774	292.160	290.761	289.554	288.518	287.637	286.896	286.282	285.785	285.397	285.112	284.925	284.831
298.663	296.430	294.483	292.790	291.322	290.056	288.970	288.046	287.269	286.625	286.104	285.697	285.398	285.201	285.104
296.995	294.954	293.174	291.627	290.285	289.128	288.135	287.291	286.580	285.991	285.515	285.143	284.870	284.690	284.601
297.062	295.013	293.226	291.673	290.327	289.165	288.168	287.321	286.607	286.017	285.539	285.165	284.891	284.710	284.621
297.447	295.354	293.529	291.942	290.566	289.379	288.361	287.495	286.766	286.163	285.675	285.293	285.013	284.829	284.737
298.224	296.042	294.139	292.484	291.050	289.812	288.751	287.847	287.088	286.458	285.949	285.552	285.259	285.067	284.971
295.746	293.849	292.194	290.756	289.509	288.433	287.510	286.725	286.064	285.517	285.074	284.729	284.474	284.307	284.224
292.757	291.203	289.849	288.671	287.650	286.769	286.013	285.370	284.829	284.381	284.019	283.736	283.528	283.391	283.323
292.904	291.333	289.964	288.773	287.741	286.850	286.087	285.437	284.890	284.437	284.071	283.785	283.574	283.436	283.367
293.474	291.837	290.411	289.170	288.095	287.168	286.372	285.695	285.125	284.653	284.272	283.974	283.755	283.610	283.539
293.533	291.890	290.457	289.212	288.132	287.200	286.401	285.721	285.150	284.676	284.293	283.993	283.773	283.628	283.557
291.070	289.710	288.525	287.494	286.600	285.829	285.168	284.606	284.132	283.740	283.423	283.175	282.993	282.873	282.814
289.716	288.512	287.463	286.550	285.759	285.076	284.491	283.992	283.573	283.226	282.945	282.726	282.565	282.459	282.406
288.283	287.244	286.338	285.550	284.868	284.278	283.773	283.343	282.981	282.682	282.439	282.250	282.111	282.019	281.974
292.739	291.187	289.835	288.658	287.639	286.759	286.004	285.362	284.822	284.374	284.013	283.730	283.522	283.385	283.318
292.736	291.185	289.832	288.656	287.637	286.757	286.003	285.361	284.820	284.373	284.011	283.729	283.521	283.384	283.317
290.999	289.647	288.469	287.444	286.556	285.790	285.133	284.573	284.103	283.713	283.398	283.152	282.971	282.852	282.793
289.419	288.249	287.229	286.342	285.574	284.911	284.342	283.858	283.450	283.113	282.840	282.627	282.471	282.367	282.316
292.168	290.682	289.386	288.260	287.283	286.441	285.718	285.103	284.586	284.157	283.811	283.540	283.341	283.210	283.145
292.653	291.111	289.767	288.598	287.585	286.711	285.961	285.323	284.786	284.342	283.982	283.701	283.495	283.359	283.291
286.537	285.699	284.968	284.333	283.782	283.306	282.899	282.552	282.260	282.018	281.823	281.670	281.558	281.484	281.447
283.830	283.303	282.844	282.445	282.098	281.800	281.543	281.325	281.142	280.990	280.867	280.771	280.701	280.654	280.631
283.866	283.335	282.872	282.470	282.121	281.820	281.561	281.342	281.157	281.004	280.880	280.783	280.712	280.665	280.642
290.281	289.012	287.906	286.944	286.110	285.391	284.773	284.248	283.807	283.441	283.145	282.914	282.744	282.632	282.576
293.500	291.861	290.432	289.189	288.112	287.183	286.385	285.707	285.136	284.664	284.281	283.983	283.763	283.619	283.547
291.493	290.085	288.857	287.789	286.864	286.065	285.380	284.798	284.307	283.901	283.573	283.316	283.127	283.003	282.942
289.203	288.058	287.060	286.192	285.439	284.790	284.234	283.760	283.361	283.031	282.764	282.555	282.402	282.301	282.251
289.138	288.000	287.009	286.146	285.399	284.754	284.201	283.730	283.334	283.006	282.741	282.534	282.381	282.281	282.232
287.868	286.877	286.013	285.261	284.610	284.047	283.565	283.155	282.810	282.524	282.293	282.112	281.979	281.892	281.849
288.553	287.483	286.550	285.738	285.035	284.428	283.908	283.465	283.093	282.784	282.534	282.340	282.196	282.102	282.055
291.616	290.194	288.953	287.875	286.940	286.134	285.442	284.853	284.358	283.948	283.616	283.357	283.166	283.041	282.979
293.133	291.536	290.144	288.933	287.884	286.978	286.201	285.541	284.985	284.524	284.152	283.861	283.647	283.506	283.436
290.002	288.765	287.687	286.749	285.936	285.235	284.633	284.122	283.691	283.335	283.046	282.821	282.655	282.546	282.492
291.856	290.406	289.142	288.043	287.090	286.267	285.562	284.962	284.457	284.039	283.701	283.437	283.242	283.115	283.051
292.911	291.340	289.970	288.778	287.746	286.855	286.090	285.440	284.893	284.440	284.073	283.787	283.577	283.438	283.369
296.534	294.546	292.813	291.305	289.999	288.871	287.904	287.082	286.389	285.816	285.352	284.990	284.724	284.549	284.462
300.004	297.617	295.535	293.725	292.156	290.803	289.642	288.654	287.823	287.134	286.577	286.143	285.823	285.612	285.508
301.186	298.663	296.463	294.550	292.892	291.461	290.234	289.189	288.311	287.583	286.995	286.535	286.197	285.975	285.865
298.293	296.102	294.192	292.532	291.092	289.850	288.785	287.878	287.116	286.484	285.973	285.574	285.281	285.088	284.992
299.555	297.219	295.183	293.412	291.877	290.553	289.417	288.450	287.637	286.964	286.419	285.994	285.681	285.475	285.373
290.843	289.509	288.347	287.336	286.459	285.703	285.055	284.503	284.039	283.654	283.343	283.100	282.921	282.804	282.746
288.328	287.284	286.374	285.582	284.896	284.304	283.796	283.364	283.000	282.699	282.455	282.265	282.125	282.033	281.987
291.437	290.035	288.813	287.750	286.829	286.034	285.352	284.772	284.284	283.880	283.553	283.298	283.110	282.986	282.925
292.399	290.887	289.568	288.421	287.427	286.570	285.834	285.208	284.681	284.245	283.892	283.617	283.414	283.281	283.215
291.379	289.983	288.767	287.709	286.792	286.001	285.323	284.746	284.260	283.858	283.532	283.278	283.091	282.968	282.907
292.654	291.112	289.767	288.598	287.585	286.711	285.961	285.323	284.786	284.342	283.982	283.701	283.495	283.359	283.292
290.524	289.227	288.096	287.113	286.261	285.526	284.895	284.358	283.907	283.533	283.230	282.994	282.820	282.706	282.649
291.159	289.789	288.595	287.556	286.656	285.879	285.213	284.646	284.169	283.774	283.455	283.205	283.021	282.901	282.841
290.932	289.588	288.417	287.398	286.515	285.753	285.099	284.543	284.075	283.688	283.374	283.130	282.950	282.831	282.773
291.641	290.215	288.972	287.892	286.955	286.147	285.454	284.864	284.368	283.957	283.625	283.365	283.174	283.048	282.986
295.488	293.620	291.992	290.576	289.348	288.289	287.381	286.608	285.957	285.419	284.983	284.643	284.393	284.228	284.146
287.930	286.931	286.061	285.304	284.648	284.082	283.596	283.183	282.835	282.547	282.314	282.133	281.999	281.911	281.867
294.540	292.781	291.248	289.914	288.758	287.761	286.906	286.178	285.566	285.059	284.648	284.328	284.092	283.937	283.860
295.393	293.536	291.917	290.509	289.289	288.236	287.333	286.565	285.918	285.383	284.950	284.611	284.363	284.199	284.118
298.223	296.040	294.138	292.483	291.049	289.811	288.750	287.847	287.087	286.458	285.949	285.551	285.259	285.066	284.971
298.199	296.019	294.119	292.466	291.034	289.798	288.738	287.836	287.077	286.449	285.940	285.543	285.251	285.059	284.964
297.885	295.741	293.872	292.247	290.838	289.623	288.580	287.693	286.947	286.329	285.829	285.439	285.152	284.963	284.869
294.188	292.470	290.972	289.669	288.540	287.565	286.730	286.019	285.420	284.925	284.524	284.211	283.981	283.830	283.754
292.043	290.571	289.288	288.173	287.206	286.371	285.656	285.047	284.534	284.110	283.767	283.499	283.302	283.172	283.108
291.005	289.653	288.474	287.449	286.560	285.793	285.136	284.576	284.105	283.716	283.400	283.154	282.973	282.854	282.795
288.698	287.611	286.663	285.839	285.125	284.509	283.981	283.531	283.152	282.839	282.586	282.388	282.242	282.146	282.099
287.632	286.668	285.827	285.096	284.463	283.916	283.447	283.048	282.712	282.434	282.209	282.034	281.905	281.820	281.778
285.875	285.113	284.449	283.871	283.370	282.938	282.567	282.252	281.987	281.767	281.589	281.450	281.348	281.281	281.248
287.750	286.772	285.920	285.178	284.536	283.982	283.506	283.101	282.761	282.479	282.251	282.073	281.942	281.856	281.813
286.206	285.406	284.708	284.102	283.576	283.122	282.733	282.402	282.123	281.893	281.706	281.560	281.453	281.382	281.348
287.693	286.722	285.875	285.139	284.501	283.950	283.478	283.076	282.737	282.457	282.231	282.054	281.924	281.838	281.796
286.825	285.953	285.194	284.533	283.960	283.466	283.043	282.682	282.379	282.128	281.924	281.766	281.649	281.572	281.534
289.301	288.145	287.137	286.260	285.501	284.845	284.283	283.804	283.402	283.068	282.799	282.588	282.433	282.331	282.281
289.885	288.662	287.595	286.668	285.864	285.170	284.575	284.069	283.643	283.290	283.005	282.782	282.618	282.510	282.457
289.538	288.355	287.323	286.426	285.648	284.977	284.401	283.912	283.500	283.158	282.882	282.667	282.508	282.404	282.352
290.260	288.993	287.889	286.929	286.097	285.379	284.763	284.239	283.798	283.433	283.137	282.907	282.737	282.625	282.570
293.871	292.189	290.723	289.448	288.343	287.389	286.571	285.875	285.289	284.805	284.412	284.106	283.881	283.732	283.659
287.821	286.835	285.976	285.228	284.580	284.021	283.542	283.134	282.790	282.506	282.276	282.097	281.965	281.878	281.835
284.521	283.915	283.386	282.926	282.528	282.184	281.889	281.638	281.427	281.252	281.111	281.001	280.919	280.866	280.839
285.078	284.408	283.823	283.315	282.874	282.494	282.168	281.891	281.657	281.464	281.308	281.186	281.096	281.037	281.007
284.826	284.184	283.625	283.139	282.717	282.354	282.042	281.776	281.553	281.368	281.219	281.102	281.016	280.959	280.931
285.418	284.709	284.090	283.552	283.086	282.684	282.339	282.045	281.798	281.593	281.428	281.299	281.204	281.141	281.110
281.878	281.575	281.312	281.083	280.884	280.713	280.566	280.441	280.335	280.248	280.178	280.123	280.082	280.056	280.042
283.846	283.318	282.857	282.456	282.108	281.809	281.551	281.333	281.149	280.996	280.873	280.777	280.706	280.659	280.636
284.529	283.922	283.392	282.932	282.533	282.189	281.893	281.642	281.431	281.255	281.114	281.003	280.922	280.868	280.842
280.746	280.573	280.424	280.293	280.180	280.082	279.999	279.928	279.868	279.818	279.778	279.747	279.724	279.708	279.701
279.831	279.764	279.706	279.655	279.611	279.573	279.541	279.513	279.490	279.471	279.455	279.443	279.434	279.428	279.425
280.597	280.442	280.307	280.190	280.088	280.000	279.925	279.860	279.806	279.762	279.726	279.697	279.677	279.663	279.656
280.059	279.966	279.885	279.815	279.753	279.701	279.655	279.617	279.584	279.558	279.536	279.519	279.506	279.498	279.494
279.753	279.695	279.644	279.601	279.563	279.530	279.502	279.478	279.458	279.441	279.427	279.417	279.409	279.404	279.402
280.014	279.926	279.850	279.783	279.725	279.675	279.633	279.596	279.566	279.540	279.520	279.504	279.492	279.484	279.480
280.911	280.720	280.553	280.408	280.283	280.174	280.082	280.003	279.936	279.881	279.836	279.802	279.776	279.759	279.751
282.710	282.312	281.965	281.663	281.402	281.176	280.982	280.818	280.679	280.564	280.472	280.399	280.346	280.311	280.293
286.307	285.495	284.787	284.172	283.638	283.178	282.783	282.447	282.165	281.931	281.741	281.594	281.485	281.413	281.378
283.759	283.241	282.788	282.395	282.054	281.760	281.508	281.293	281.113	280.963	280.842	280.748	280.678	280.632	280.610
283.406	282.927	282.511	282.148	281.834	281.563	281.331	281.133	280.966	280.829	280.717	280.630	280.566	280.524	280.503
284.548	283.939	283.407	282.945	282.545	282.199	281.903	281.651	281.439	281.263	281.121	281.010	280.928	280.874	280.848
284.295	283.715	283.209	282.769	282.387	282.058	281.776	281.536	281.334	281.167	281.031	280.926	280.848	280.797	280.771
283.980	283.436	282.962	282.549	282.191	281.883	281.618	281.393	281.204	281.047	280.920	280.821	280.748	280.700	280.676
285.140	284.462	283.872	283.358	282.913	282.529	282.199	281.919	281.683	281.488	281.330	281.206	281.115	281.056	281.026
284.064	283.510	283.027	282.607	282.244	281.930	281.660	281.431	281.238	281.079	280.950	280.849	280.775	280.726	280.702
284.739	284.107	283.557	283.078	282.663	282.305	281.998	281.737	281.517	281.335	281.188	281.073	280.988	280.933	280.905
285.273	284.580	283.976	283.451	282.995	282.602	282.266	281.979	281.738	281.538	281.376	281.250	281.157	281.096	281.066
283.250	282.790	282.389	282.040	281.738	281.477	281.253	281.062	280.902	280.770	280.662	280.578	280.517	280.476	280.456
279.650	279.604	279.564	279.529	279.499	279.473	279.450	279.431	279.415	279.402	279.391	279.383	279.377	279.373	279.371
280.783	280.606	280.453	280.319	280.203	280.103	280.017	279.944	279.883	279.832	279.791	279.759	279.735	279.720	279.712
283.306	282.840	282.433	282.079	281.773	281.508	281.281	281.088	280.926	280.791	280.682	280.597	280.535	280.494	280.473
281.785	281.493	281.239	281.018	280.826	280.661	280.519	280.399	280.297	280.213	280.145	280.092	280.053	280.027	280.014
282.538	282.159	281.830	281.543	281.295	281.080	280.896	280.740	280.608	280.499	280.411	280.342	280.291	280.258	280.241
281.495	281.237	281.012	280.816	280.646	280.500	280.374	280.267	280.177	280.103	280.043	279.996	279.961	279.938	279.927
278.410	278.507	278.591	278.664	278.728	278.782	278.829	278.869	278.903	278.931	278.953	278.971	278.984	278.992	278.997
274.962	275.455	275.885	276.259	276.583	276.863	277.103	277.307	277.479	277.621	277.736	277.826	277.892	277.935	277.957
277.767	277.938	278.086	278.216	278.328	278.424	278.507	278.578	278.637	278.687	278.726	278.757	278.780	278.795	278.803
277.665	277.847	278.006	278.145	278.264	278.368	278.456	278.532	278.595	278.648	278.690	278.724	278.748	278.764	278.772
276.890	277.161	277.398	277.604	277.782	277.936	278.068	278.180	278.275	278.353	278.417	278.466	278.502	278.526	278.538
276.076	276.441	276.759	277.036	277.276	277.483	277.661	277.812	277.939	278.044	278.129	278.196	278.245	278.277	278.293
273.814	274.439	274.984	275.458	275.869	276.224	276.528	276.787	277.004	277.185	277.331	277.444	277.528	277.583	277.611
273.056	273.769	274.390	274.930	275.398	275.802	276.149	276.444	276.692	276.897	277.063	277.193	277.288	277.351	277.382
273.814	274.439	274.984	275.458	275.869	276.224	276.528	276.787	277.004	277.185	277.331	277.444	277.528	277.583	277.611
272.141	272.959	273.672	274.292	274.829	275.293	275.691	276.029	276.314	276.549	276.740	276.889	276.999	277.071	277.106
268.957	270.141	271.173	272.071	272.849	273.520	274.096	274.586	274.998	275.340	275.616	275.831	275.990	276.094	276.146
277.038	277.292	277.514	277.707	277.874	278.019	278.142	278.248	278.336	278.410	278.469	278.515	278.549	278.572	278.583
278.120	278.250	278.363	278.462	278.547	278.621	278.684	278.738	278.783	278.821	278.851	278.875	278.892	278.904	278.909
276.400	276.728	277.014	277.263	277.478	277.664	277.823	277.959	278.073	278.167	278.244	278.304	278.348	278.376	278.391
281.514	281.254	281.027	280.829	280.658	280.510	280.384	280.276	280.185	280.110	280.049	280.002	279.967	279.944	279.933
281.033	280.828	280.649	280.494	280.359	280.243	280.143	280.058	279.987	279.927	279.880	279.842	279.815	279.797	279.788
280.850	280.666	280.505	280.366	280.245	280.140	280.051	279.975	279.911	279.858	279.815	279.781	279.757	279.740	279.732
276.700	276.994	277.249	277.472	277.665	277.831	277.973	278.095	278.197	278.281	278.350	278.403	278.443	278.468	278.481
278.747	278.805	278.856	278.899	278.937	278.970	278.998	279.022	279.042	279.059	279.073	279.083	279.091	279.096	279.098
283.060	282.621	282.239	281.907	281.619	281.371	281.157	280.976	280.824	280.697	280.595	280.515	280.456	280.418	280.399
283.195	282.742	282.346	282.002	281.704	281.446	281.226	281.038	280.880	280.749	280.643	280.560	280.500	280.460	280.440
280.410	280.277	280.161	280.059	279.972	279.896	279.831	279.776	279.729	279.691	279.660	279.635	279.618	279.606	279.600
277.269	277.497	277.695	277.868	278.018	278.147	278.258	278.352	278.432	278.497	278.551	278.592	278.623	278.643	278.653
271.943	272.784	273.517	274.154	274.706	275.183	275.591	275.939	276.232	276.474	276.670	276.823	276.936	277.010	277.047
271.377	272.283	273.072	273.759	274.354	274.868	275.308	275.683	275.998	276.259	276.470	276.635	276.757	276.836	276.876
275.858	276.248	276.589	276.884	277.141	277.362	277.552	277.713	277.849	277.961	278.052	278.124	278.176	278.210	278.227
269.531	270.649	271.624	272.471	273.206	273.840	274.384	274.846	275.235	275.558	275.819	276.022	276.172	276.270	276.319
273.613	274.262	274.827	275.319	275.745	276.112	276.428	276.696	276.922	277.109	277.260	277.378	277.465	277.522	277.550
272.889	273.620	274.258	274.813	275.294	275.709	276.065	276.368	276.622	276.833	277.004	277.137	277.235	277.300	277.332
279.085	279.104	279.120	279.135	279.147	279.158	279.167	279.175	279.182	279.187	279.192	279.195	279.198	279.199	279.200
275.104	275.581	275.997	276.358	276.672	276.942	277.174	277.372	277.538	277.675	277.786	277.873	277.937	277.979	278.000
268.606	269.830	270.898	271.826	272.631	273.325	273.920	274.427	274.853	275.206	275.492	275.715	275.879	275.987	276.040
268.334	269.590	270.685	271.637	272.462	273.174	273.784	274.304	274.741	275.103	275.396	275.625	275.793	275.904	275.958
266.707	268.150	269.408	270.502	271.450	272.268	272.970	273.567	274.069	274.485	274.822	275.084	275.278	275.405	275.468
277.556	277.751	277.921	278.069	278.197	278.307	278.402	278.483	278.550	278.607	278.652	278.688	278.714	278.731	278.739
273.720	274.356	274.910	275.393	275.811	276.171	276.481	276.744	276.966	277.149	277.297	277.413	277.499	277.555	277.582
279.578	279.541	279.508	279.479	279.454	279.433	279.414	279.399	279.386	279.375	279.366	279.359	279.354	279.351	279.349
280.597	280.442	280.307	280.190	280.088	280.000	279.925	279.860	279.806	279.762	279.726	279.697	279.677	279.663	279.656
281.042	280.836	280.656	280.500	280.364	280.248	280.147	280.062	279.990	279.931	279.883	279.845	279.818	279.799	279.790
280.203	280.094	279.998	279.915	279.843	279.781	279.727	279.682	279.644	279.612	279.587	279.567	279.552	279.542	279.537
277.757	277.929	278.078	278.209	278.321	278.419	278.502	278.573	278.633	278.683	278.723	278.754	278.777	278.792	278.800
277.134	277.377	277.590	277.774	277.934	278.072	278.191	278.291	278.376	278.446	278.503	278.547	278.580	278.601	278.612
279.052	279.075	279.095	279.112	279.127	279.140	279.151	279.160	279.168	279.175	279.180	279.184	279.187	279.189	279.190
273.698	274.337	274.894	275.378	275.797	276.160	276.470	276.734	276.957	277.141	277.290	277.406	277.492	277.548	277.576
278.191	278.313	278.419	278.512	278.592	278.661	278.720	278.770	278.813	278.848	278.876	278.898	278.915	278.925	278.931
277.351	277.570	277.760	277.926	278.069	278.193	278.299	278.390	278.466	278.529	278.580	278.619	278.649	278.668	278.678
277.611	277.799	277.964	278.107	278.231	278.337	278.429	278.507	278.573	278.627	278.671	278.706	278.731	278.747	278.756
276.559	276.869	277.138	277.373	277.577	277.752	277.903	278.031	278.138	278.228	278.300	278.356	278.398	278.425	278.439
279.170	279.179	279.187	279.194	279.200	279.205	279.210	279.214	279.217	279.219	279.222	279.223	279.225	279.225	279.226
278.750	278.807	278.857	278.901	278.939	278.971	278.999	279.023	279.043	279.060	279.073	279.084	279.092	279.097	279.099
280.707	280.539	280.393	280.266	280.156	280.061	279.980	279.910	279.852	279.804	279.764	279.734	279.711	279.697	279.689
275.742	276.145	276.497	276.803	277.068	277.297	277.493	277.660	277.801	277.917	278.011	278.085	278.139	278.174	278.192
278.477	278.566	278.643	278.711	278.769	278.820	278.863	278.900	278.931	278.956	278.977	278.993	279.005	279.013	279.017
281.292	281.057	280.853	280.674	280.520	280.387	280.273	280.175	280.094	280.026	279.971	279.928	279.897	279.876	279.866
280.778	280.603	280.449	280.316	280.200	280.101	280.015	279.943	279.881	279.831	279.790	279.758	279.734	279.719	279.711
280.001	279.914	279.839	279.774	279.717	279.668	279.626	279.590	279.560	279.535	279.515	279.499	279.488	279.480	279.476
279.618	279.576	279.539	279.507	279.479	279.455	279.434	279.417	279.402	279.390	279.380	279.372	279.367	279.363	279.361
274.785	275.299	275.746	276.136	276.473	276.765	277.014	277.227	277.406	277.554	277.674	277.767	277.836	277.881	277.904
269.973	271.041	271.971	272.780	273.481	274.086	274.605	275.047	275.418	275.726	275.975	276.169	276.312	276.406	276.453
272.273	273.075	273.775	274.384	274.911	275.366	275.756	276.089	276.368	276.599	276.787	276.933	277.040	277.111	277.146
273.677	274.318	274.877	275.363	275.784	276.148	276.459	276.725	276.948	277.133	277.282	277.399	277.485	277.541	277.569
272.551	273.322	273.994	274.578	275.084	275.521	275.896	276.215	276.483	276.705	276.885	277.025	277.129	277.196	277.230
274.839	275.347	275.789	276.174	276.507	276.795	277.042	277.251	277.428	277.574	277.693	277.785	277.853	277.898	277.920
274.783	275.297	275.745	276.134	276.472	276.763	277.013	277.226	277.405	277.553	277.673	277.766	277.835	277.880	277.903
267.848	269.160	270.303	271.298	272.160	272.903	273.541	274.084	274.540	274.919	275.225	275.463	275.639	275.755	275.812
268.641	269.861	270.925	271.851	272.652	273.344	273.938	274.443	274.868	275.220	275.504	275.727	275.890	275.998	276.051
274.245	274.821	275.323	275.759	276.137	276.464	276.744	276.982	277.183	277.349	277.483	277.588	277.665	277.716	277.741
279.361	279.348	279.337	279.327	279.319	279.312	279.306	279.300	279.296	279.292	279.289	279.287	279.285	279.284	279.283
278.945	278.980	279.011	279.038	279.061	279.080	279.098	279.112	279.124	279.134	279.142	279.149	279.154	279.157	279.158
278.871	278.914	278.952	278.985	279.014	279.039	279.060	279.078	279.093	279.106	279.116	279.124	279.130	279.134	279.136
273.540	274.196	274.769	275.267	275.699	276.071	276.391	276.663	276.891	277.081	277.234	277.354	277.442	277.499	277.528
275.651	276.065	276.426	276.740	277.012	277.247	277.448	277.619	277.763	277.883	277.979	278.055	278.110	278.147	278.165
272.766	273.512	274.162	274.728	275.218	275.641	276.004	276.312	276.572	276.787	276.961	277.097	277.197	277.262	277.295
273.101	273.809	274.425	274.962	275.426	275.827	276.171	276.464	276.710	276.914	277.079	277.208	277.303	277.365	277.396
271.686	272.556	273.315	273.975	274.546	275.040	275.463	275.823	276.126	276.377	276.580	276.738	276.855	276.931	276.969
274.585	275.121	275.589	275.996	276.349	276.653	276.914	277.136	277.323	277.478	277.603	277.701	277.772	277.820	277.843
274.924	275.422	275.856	276.233	276.560	276.842	277.084	277.290	277.463	277.607	277.723	277.813	277.880	277.924	277.946
273.892	274.508	275.045	275.513	275.918	276.267	276.567	276.822	277.037	277.214	277.358	277.470	277.553	277.607	277.634
276.470	276.789	277.068	277.311	277.521	277.702	277.858	277.990	278.101	278.194	278.268	278.327	278.369	278.398	278.412
279.516	279.485	279.459	279.436	279.415	279.398	279.383	279.371	279.360	279.351	279.344	279.338	279.334	279.332	279.330
273.644	274.289	274.851	275.340	275.764	276.129	276.443	276.710	276.934	277.120	277.271	277.388	277.475	277.531	277.560
276.788	277.071	277.318	277.533	277.719	277.879	278.017	278.134	278.233	278.315	278.381	278.432	278.470	278.495	278.508
276.076	276.441	276.759	277.036	277.276	277.483	277.661	277.812	277.939	278.044	278.129	278.196	278.245	278.277	278.293
278.259	278.373	278.473	278.559	278.634	278.699	278.754	278.801	278.841	278.874	278.900	278.921	278.936	278.946	278.951
278.644	278.714	278.775	278.828	278.873	278.913	278.947	278.976	279.000	279.020	279.036	279.049	279.058	279.064	279.067
279.241	279.242	279.243	279.244	279.244	279.245	279.245	279.246	279.246	279.247	279.247	279.247	279.247	279.247	279.247
277.445	277.653	277.834	277.991	278.128	278.245	278.346	278.432	278.505	278.564	278.613	278.651	278.678	278.697	278.706
274.955	275.449	275.880	276.254	276.579	276.859	277.099	277.304	277.476	277.618	277.734	277.823	277.890	277.933	277.955
278.338	278.442	278.534	278.614	278.683	278.742	278.793	278.837	278.873	278.903	278.928	278.947	278.961	278.970	278.975
280.095	279.997	279.913	279.839	279.775	279.720	279.673	279.633	279.599	279.571	279.548	279.530	279.517	279.509	279.505
279.781	279.720	279.667	279.620	279.580	279.546	279.516	279.491	279.469	279.452	279.437	279.426	279.418	279.413	279.410
279.326	279.317	279.310	279.303	279.297	279.292	279.288	279.284	279.281	279.279	279.277	279.275	279.274	279.273	279.273
279.958	279.876	279.805	279.744	279.690	279.644	279.604	279.571	279.542	279.519	279.500	279.485	279.474	279.467	279.463
275.656	276.069	276.429	276.743	277.015	277.249	277.450	277.621	277.765	277.884	277.981	278.056	278.112	278.148	278.166
276.200	276.551	276.857	277.123	277.353	277.552	277.723	277.868	277.990	278.091	278.173	278.237	278.284	278.315	278.330
274.023	274.624	275.149	275.604	275.999	276.340	276.633	276.882	277.091	277.264	277.405	277.514	277.595	277.648	277.674
271.963	272.801	273.532	274.167	274.718	275.193	275.601	275.948	276.240	276.482	276.677	276.830	276.942	277.016	277.053
277.691	277.870	278.027	278.163	278.281	278.382	278.469	278.544	278.606	278.658	278.700	278.732	278.756	278.772	278.780
275.488	275.921	276.298	276.626	276.910	277.156	277.366	277.545	277.696	277.821	277.922	278.001	278.059	278.097	278.116
274.599	275.134	275.601	276.006	276.358	276.661	276.921	277.143	277.329	277.483	277.608	277.705	277.777	277.824	277.848
275.551	275.977	276.348	276.670	276.950	277.191	277.398	277.574	277.722	277.845	277.944	278.022	278.079	278.116	278.135
276.981	277.242	277.470	277.668	277.839	277.987	278.114	278.222	278.313	278.388	278.449	278.497	278.531	278.554	278.566
277.188	277.426	277.632	277.812	277.968	278.102	278.218	278.316	278.398	278.467	278.522	278.565	278.597	278.618	278.628
276.861	277.136	277.376	277.584	277.764	277.920	278.054	278.168	278.263	278.343	278.407	278.457	278.493	278.518	278.530
278.151	278.277	278.387	278.483	278.566	278.638	278.700	278.752	278.796	278.832	278.862	278.885	278.902	278.913	278.919
280.569	280.417	280.285	280.170	280.070	279.984	279.910	279.848	279.795	279.751	279.716	279.688	279.668	279.654	279.648
276.583	276.890	277.157	277.390	277.591	277.765	277.914	278.041	278.148	278.237	278.308	278.364	278.405	278.432	278.446
277.276	277.503	277.701	277.873	278.022	278.151	278.261	278.355	278.434	278.500	278.553	278.594	278.625	278.645	278.655
276.028	276.399	276.722	277.003	277.246	277.456	277.637	277.790	277.919	278.026	278.112	278.180	278.230	278.262	278.278
274.835	275.343	275.785	276.171	276.504	276.792	277.039	277.249	277.426	277.573	277.691	277.784	277.852	277.896	277.919
280.306	280.185	280.079	279.987	279.907	279.838	279.779	279.729	279.686	279.651	279.623	279.601	279.585	279.574	279.569
280.361	280.233	280.121	280.025	279.941	279.868	279.806	279.753	279.709	279.672	279.642	279.619	279.602	279.590	279.585
280.229	280.117	280.018	279.933	279.859	279.795	279.740	279.694	279.655	279.622	279.596	279.575	279.560	279.550	279.545
279.701	279.649	279.604	279.564	279.530	279.501	279.476	279.454	279.436	279.421	279.409	279.400	279.393	279.388	279.386
275.446	275.884	276.265	276.597	276.884	277.133	277.345	277.526	277.679	277.805	277.907	277.987	278.045	278.084	278.103
274.955	275.449	275.880	276.254	276.579	276.859	277.099	277.304	277.476	277.618	277.734	277.823	277.890	277.933	277.955
281.020	280.816	280.638	280.484	280.350	280.235	280.136	280.052	279.981	279.922	279.875	279.838	279.810	279.792	279.784
283.415	282.936	282.518	282.155	281.840	281.568	281.335	281.137	280.970	280.832	280.721	280.633	280.569	280.527	280.506
280.713	280.544	280.398	280.270	280.160	280.064	279.982	279.913	279.854	279.806	279.766	279.736	279.713	279.698	279.691
274.978	275.470	275.898	276.271	276.594	276.872	277.111	277.315	277.486	277.627	277.742	277.831	277.897	277.941	277.962
276.884	277.156	277.393	277.600	277.779	277.933	278.065	278.178	278.273	278.351	278.415	278.464	278.501	278.525	278.537
278.129	278.258	278.371	278.468	278.553	278.626	278.689	278.742	278.787	278.824	278.854	278.878	278.895	278.906	278.912
282.958	282.531	282.159	281.836	281.556	281.314	281.106	280.930	280.781	280.659	280.559	280.481	280.424	280.387	280.368
281.665	281.387	281.145	280.934	280.752	280.594	280.459	280.344	280.247	280.167	280.103	280.052	280.015	279.990	279.978
278.224	278.342	278.445	278.535	278.612	278.679	278.736	278.785	278.826	278.860	278.888	278.909	278.925	278.936	278.941
274.926	275.424	275.857	276.234	276.561	276.843	277.085	277.291	277.464	277.608	277.724	277.814	277.881	277.925	277.946
277.743	277.916	278.068	278.199	278.313	278.411	278.496	278.567	278.628	278.678	278.718	278.750	278.773	278.788	278.796
280.078	279.982	279.899	279.827	279.765	279.711	279.664	279.625	279.592	279.564	279.542	279.525	279.512	279.504	279.500
279.118	279.133	279.146	279.158	279.168	279.176	279.184	279.190	279.195	279.200	279.203	279.206	279.208	279.209	279.210
276.550	276.860	277.131	277.367	277.571	277.747	277.898	278.027	278.135	278.224	278.297	278.353	278.395	278.422	278.436
276.537	276.849	277.122	277.358	277.563	277.740	277.892	278.021	278.130	278.220	278.292	278.349	278.391	278.418	278.432
275.825	276.219	276.563	276.861	277.120	277.344	277.535	277.698	277.835	277.949	278.041	278.113	278.165	278.200	278.217
281.099	280.886	280.701	280.539	280.400	280.279	280.176	280.088	280.014	279.952	279.903	279.864	279.835	279.817	279.807
282.070	281.746	281.463	281.217	281.004	280.820	280.662	280.528	280.415	280.321	280.246	280.187	280.143	280.115	280.100
278.948	278.983	279.013	279.040	279.062	279.082	279.099	279.113	279.125	279.135	279.143	279.150	279.154	279.158	279.159
279.853	279.784	279.723	279.671	279.625	279.586	279.552	279.523	279.499	279.479	279.463	279.450	279.441	279.435	279.432
279.035	279.060	279.081	279.100	279.116	279.130	279.142	279.153	279.161	279.168	279.174	279.179	279.182	279.184	279.185
277.594	277.784	277.950	278.095	278.220	278.328	278.421	278.500	278.566	278.621	278.665	278.700	278.725	278.742	278.751
283.687	283.176	282.731	282.344	282.009	281.720	281.472	281.260	281.083	280.936	280.816	280.724	280.655	280.610	280.588
281.752	281.464	281.213	280.995	280.806	280.643	280.503	280.384	280.283	280.200	280.133	280.081	280.042	280.017	280.004
277.300	277.525	277.720	277.890	278.038	278.165	278.274	278.367	278.445	278.509	278.562	278.603	278.633	278.652	278.662
278.762	278.818	278.867	278.910	278.947	278.978	279.006	279.029	279.048	279.065	279.078	279.088	279.095	279.100	279.103
277.551	277.746	277.916	278.065	278.193	278.304	278.399	278.480	278.548	278.604	278.650	278.686	278.712	278.729	278.738
278.255	278.370	278.470	278.556	278.631	278.696	278.752	278.799	278.839	278.872	278.899	278.920	278.935	278.945	278.950
277.526	277.725	277.898	278.048	278.178	278.291	278.387	278.469	278.538	278.595	278.641	278.678	278.704	278.722	278.730
280.921	280.728	280.561	280.415	280.289	280.180	280.086	280.007	279.940	279.885	279.840	279.805	279.779	279.762	279.754
283.506	283.017	282.590	282.219	281.897	281.619	281.381	281.179	281.008	280.867	280.753	280.664	280.598	280.555	280.533
282.773	282.368	282.015	281.707	281.441	281.211	281.014	280.846	280.705	280.588	280.494	280.420	280.366	280.330	280.312
287.218	286.301	285.502	284.807	284.205	283.685	283.240	282.860	282.541	282.277	282.063	281.896	281.773	281.693	281.653
288.174	287.147	286.252	285.474	284.799	284.217	283.718	283.293	282.936	282.640	282.401	282.214	282.076	281.986	281.941
287.750	286.772	285.920	285.178	284.536	283.982	283.506	283.101	282.761	282.479	282.251	282.073	281.942	281.856	281.813
284.870	284.223	283.660	283.169	282.745	282.378	282.064	281.796	281.571	281.385	281.234	281.116	281.030	280.973	280.945
281.269	281.036	280.834	280.658	280.505	280.374	280.261	280.165	280.084	280.017	279.963	279.920	279.889	279.869	279.859
282.421	282.056	281.738	281.461	281.222	281.015	280.838	280.687	280.560	280.454	280.369	280.303	280.254	280.222	280.206
281.840	281.542	281.283	281.057	280.861	280.692	280.547	280.424	280.320	280.234	280.165	280.110	280.070	280.044	280.031
280.708	280.540	280.394	280.267	280.157	280.062	279.980	279.911	279.852	279.804	279.765	279.734	279.712	279.697	279.690
282.509	282.134	281.808	281.523	281.277	281.064	280.882	280.727	280.596	280.488	280.401	280.332	280.282	280.249	280.233
283.580	283.082	282.648	282.270	281.943	281.661	281.418	281.212	281.039	280.895	280.779	280.688	280.621	280.578	280.556
285.336	284.635	284.025	283.494	283.034	282.638	282.297	282.007	281.764	281.562	281.399	281.271	281.177	281.116	281.085
282.517	282.141	281.813	281.528	281.281	281.068	280.886	280.730	280.599	280.491	280.403	280.335	280.285	280.251	280.235
279.965	279.883	279.811	279.749	279.695	279.648	279.608	279.574	279.545	279.522	279.502	279.487	279.476	279.469	279.466
282.269	281.922	281.619	281.356	281.128	280.931	280.762	280.618	280.497	280.397	280.316	280.253	280.206	280.176	280.160
280.558	280.408	280.276	280.162	280.064	279.978	279.905	279.843	279.790	279.747	279.712	279.684	279.664	279.651	279.644
279.994	279.909	279.834	279.769	279.713	279.664	279.623	279.587	279.557	279.533	279.513	279.497	279.486	279.478	279.474
280.295	280.175	280.070	279.979	279.900	279.832	279.773	279.723	279.682	279.647	279.619	279.597	279.581	279.570	279.565
277.952	278.101	278.231	278.345	278.443	278.527	278.600	278.662	278.714	278.757	278.792	278.819	278.839	278.852	278.859
276.966	277.229	277.458	277.657	277.830	277.979	278.107	278.215	278.307	278.382	278.444	278.492	278.527	278.550	278.561
275.757	276.159	276.509	276.814	277.078	277.306	277.501	277.667	277.807	277.923	278.017	278.090	278.144	278.179	278.197
273.636	274.281	274.844	275.334	275.759	276.125	276.439	276.706	276.931	277.117	277.268	277.385	277.472	277.529	277.557
275.854	276.245	276.585	276.882	277.138	277.360	277.550	277.711	277.847	277.960	278.051	278.122	278.175	278.209	278.226
281.554	281.289	281.058	280.857	280.683	280.532	280.404	280.294	280.202	280.125	280.063	280.015	279.980	279.956	279.945
278.677	278.743	278.801	278.851	278.894	278.931	278.963	278.991	279.013	279.032	279.048	279.060	279.069	279.074	279.077
277.892	278.048	278.184	278.303	278.405	278.494	278.570	278.634	278.689	278.734	278.770	278.799	278.820	278.834	278.840
279.185	279.192	279.199	279.205	279.210	279.214	279.217	279.220	279.223	279.225	279.227	279.228	279.229	279.230	279.230
277.628	277.814	277.977	278.119	278.241	278.347	278.438	278.515	278.580	278.634	278.677	278.711	278.736	278.753	278.761
276.338	276.673	276.965	277.219	277.439	277.629	277.792	277.931	278.047	278.144	278.222	278.283	278.328	278.357	278.372
276.584	276.891	277.158	277.391	277.592	277.766	277.915	278.042	278.149	278.237	278.309	278.365	278.406	278.433	278.446
278.437	278.531	278.612	278.683	278.745	278.798	278.843	278.882	278.914	278.941	278.963	278.980	278.993	279.001	279.005
278.557	278.637	278.706	278.767	278.819	278.864	278.903	278.936	278.964	278.987	279.005	279.020	279.031	279.038	279.041
280.893	280.704	280.539	280.396	280.272	280.165	280.073	279.994	279.929	279.874	279.830	279.796	279.770	279.754	279.745
284.211	283.640	283.143	282.710	282.335	282.012	281.734	281.498	281.299	281.135	281.002	280.898	280.821	280.771	280.746
282.557	282.177	281.845	281.556	281.306	281.091	280.906	280.748	280.616	280.506	280.418	280.348	280.297	280.264	280.247
284.055	283.502	283.021	282.601	282.238	281.925	281.656	281.427	281.235	281.075	280.947	280.846	280.772	280.723	280.699
280.521	280.375	280.248	280.137	280.041	279.958	279.887	279.826	279.775	279.733	279.699	279.672	279.653	279.640	279.633
281.292	281.057	280.853	280.674	280.520	280.387	280.273	280.175	280.094	280.026	279.971	279.928	279.897	279.876	279.866
284.889	284.240	283.675	283.183	282.757	282.389	282.074	281.805	281.579	281.392	281.241	281.123	281.036	280.979	280.950
286.918	286.035	285.267	284.598	284.018	283.518	283.089	282.724	282.417	282.163	281.957	281.796	281.678	281.601	281.562
281.578	281.310	281.076	280.873	280.698	280.546	280.415	280.305	280.211	280.134	280.072	280.023	279.987	279.964	279.952
279.529	279.497	279.469	279.444	279.423	279.405	279.390	279.376	279.365	279.356	279.348	279.343	279.338	279.335	279.334
279.237	279.238	279.240	279.241	279.242	279.243	279.243	279.244	279.244	279.245	279.245	279.246	279.246	279.246	279.246
284.910	284.259	283.692	283.198	282.770	282.401	282.084	281.815	281.588	281.400	281.248	281.130	281.043	280.985	280.957
290.134	288.882	287.790	286.841	286.019	285.309	284.700	284.182	283.746	283.385	283.093	282.865	282.697	282.587	282.532
288.269	287.231	286.327	285.540	284.859	284.270	283.766	283.336	282.975	282.676	282.434	282.245	282.106	282.015	281.970
288.076	287.061	286.175	285.406	284.739	284.163	283.669	283.249	282.896	282.603	282.366	282.181	282.045	281.956	281.911
288.022	287.013	286.133	285.368	284.705	284.133	283.642	283.225	282.873	282.582	282.347	282.163	282.028	281.939	281.895
289.613	288.421	287.382	286.478	285.695	285.019	284.439	283.946	283.531	283.187	282.909	282.692	282.532	282.427	282.375
295.246	293.406	291.802	290.407	289.198	288.154	287.259	286.498	285.857	285.327	284.898	284.563	284.316	284.154	284.073
295.420	293.560	291.938	290.528	289.306	288.251	287.347	286.577	285.929	285.393	284.959	284.620	284.371	284.207	284.126
292.596	291.061	289.723	288.559	287.550	286.679	285.933	285.297	284.763	284.320	283.962	283.682	283.477	283.342	283.274
287.351	286.419	285.607	284.900	284.288	283.759	283.306	282.921	282.596	282.327	282.110	281.940	281.816	281.733	281.693
286.731	285.870	285.120	284.468	283.902	283.414	282.996	282.640	282.340	282.092	281.891	281.734	281.619	281.543	281.506
288.586	287.512	286.576	285.762	285.056	284.447	283.925	283.480	283.106	282.797	282.546	282.351	282.207	282.112	282.065
291.174	289.802	288.606	287.566	286.665	285.887	285.220	284.653	284.175	283.780	283.460	283.210	283.026	282.905	282.845
286.430	285.604	284.884	284.258	283.715	283.247	282.845	282.503	282.216	281.978	281.785	281.635	281.524	281.451	281.415
287.028	286.133	285.353	284.675	284.087	283.579	283.144	282.774	282.463	282.205	281.996	281.833	281.713	281.634	281.595
291.388	289.991	288.774	287.716	286.798	286.006	285.327	284.750	284.264	283.861	283.535	283.281	283.094	282.971	282.910
293.957	292.265	290.790	289.507	288.396	287.436	286.614	285.914	285.325	284.837	284.442	284.134	283.908	283.758	283.685
296.245	294.290	292.585	291.103	289.819	288.710	287.759	286.950	286.270	285.706	285.250	284.894	284.632	284.460	284.375
295.956	294.034	292.358	290.902	289.639	288.549	287.615	286.819	286.150	285.596	285.148	284.798	284.541	284.371	284.287
294.349	292.612	291.098	289.781	288.640	287.655	286.810	286.092	285.487	284.986	284.581	284.265	284.032	283.879	283.803
290.824	289.493	288.332	287.322	286.448	285.693	285.045	284.494	284.031	283.647	283.336	283.094	282.915	282.798	282.740
287.482	286.535	285.709	284.992	284.369	283.832	283.372	282.980	282.650	282.377	282.156	281.984	281.857	281.774	281.732
290.631	289.322	288.181	287.188	286.328	285.585	284.949	284.407	283.951	283.574	283.268	283.030	282.854	282.739	282.682
291.742	290.305	289.052	287.963	287.018	286.204	285.505	284.910	284.410	283.996	283.660	283.399	283.206	283.080	283.017
289.683	288.483	287.437	286.527	285.738	285.058	284.474	283.977	283.559	283.213	282.934	282.715	282.554	282.448	282.396
289.642	288.447	287.405	286.498	285.713	285.035	284.453	283.959	283.543	283.198	282.919	282.701	282.541	282.436	282.384
289.684	288.484	287.437	286.527	285.739	285.058	284.474	283.978	283.560	283.214	282.934	282.715	282.554	282.449	282.396
286.150	285.356	284.664	284.063	283.541	283.091	282.705	282.376	282.100	281.871	281.686	281.542	281.435	281.365	281.331
288.273	287.235	286.330	285.543	284.861	284.273	283.768	283.339	282.977	282.678	282.436	282.247	282.108	282.016	281.971
291.224	289.846	288.645	287.601	286.696	285.915	285.245	284.675	284.196	283.799	283.477	283.227	283.042	282.921	282.860
290.128	288.877	287.786	286.837	286.015	285.305	284.697	284.179	283.743	283.383	283.091	282.863	282.695	282.585	282.530
294.281	292.552	291.044	289.733	288.597	287.617	286.776	286.060	285.458	284.960	284.557	284.242	284.010	283.858	283.782
291.720	290.286	289.035	287.947	287.005	286.191	285.494	284.900	284.401	283.987	283.653	283.391	283.199	283.073	283.010
289.288	288.133	287.126	286.251	285.492	284.838	284.276	283.798	283.396	283.063	282.794	282.584	282.429	282.327	282.277
288.670	287.586	286.641	285.820	285.108	284.493	283.966	283.518	283.141	282.828	282.576	282.378	282.233	282.138	282.090
293.576	291.928	290.491	289.242	288.159	287.225	286.423	285.741	285.167	284.692	284.308	284.008	283.787	283.642	283.570
289.317	288.159	287.149	286.271	285.510	284.854	284.290	283.811	283.408	283.074	282.804	282.593	282.438	282.336	282.285
289.831	288.614	287.553	286.630	285.830	285.140	284.548	284.044	283.621	283.270	282.986	282.764	282.601	282.494	282.441
292.543	291.014	289.680	288.521	287.516	286.649	285.906	285.273	284.741	284.300	283.943	283.665	283.460	283.325	283.258
296.810	294.790	293.029	291.497	290.170	289.025	288.042	287.206	286.503	285.921	285.450	285.082	284.811	284.633	284.545
294.952	293.146	291.571	290.201	289.015	287.990	287.112	286.365	285.736	285.215	284.794	284.465	284.223	284.064	283.985
290.354	289.077	287.963	286.995	286.155	285.431	284.810	284.281	283.837	283.468	283.170	282.938	282.767	282.654	282.598
292.297	290.796	289.488	288.350	287.364	286.513	285.783	285.162	284.639	284.206	283.856	283.583	283.382	283.250	283.184
293.435	291.803	290.380	289.143	288.071	287.146	286.352	285.677	285.109	284.639	284.258	283.961	283.742	283.599	283.527
292.396	290.883	289.565	288.418	287.425	286.567	285.832	285.206	284.680	284.244	283.891	283.616	283.413	283.280	283.214
291.359	289.966	288.752	287.696	286.780	285.991	285.313	284.737	284.252	283.850	283.525	283.272	283.085	282.962	282.901
289.456	288.282	287.259	286.368	285.597	284.931	284.360	283.875	283.466	283.127	282.853	282.640	282.482	282.379	282.328
289.426	288.255	287.235	286.347	285.578	284.914	284.345	283.861	283.453	283.116	282.843	282.630	282.473	282.370	282.318
293.643	291.987	290.544	289.289	288.201	287.262	286.457	285.772	285.195	284.718	284.332	284.030	283.808	283.662	283.590
292.277	290.779	289.472	288.336	287.351	286.502	285.773	285.153	284.631	284.199	283.849	283.577	283.376	283.244	283.178
289.731	288.525	287.474	286.560	285.768	285.084	284.498	283.999	283.579	283.232	282.950	282.731	282.569	282.463	282.410
289.430	288.259	287.238	286.350	285.581	284.917	284.347	283.863	283.455	283.117	282.844	282.631	282.474	282.371	282.320
288.794	287.696	286.739	285.907	285.185	284.563	284.029	283.575	283.192	282.876	282.620	282.420	282.273	282.176	282.128
289.237	288.088	287.086	286.215	285.460	284.809	284.250	283.775	283.375	283.044	282.776	282.567	282.413	282.312	282.261
289.555	288.369	287.336	286.437	285.658	284.986	284.410	283.919	283.506	283.165	282.888	282.672	282.513	282.409	282.357
289.431	288.260	287.239	286.351	285.582	284.918	284.348	283.863	283.456	283.118	282.845	282.631	282.474	282.371	282.320
293.913	292.226	290.756	289.477	288.369	287.412	286.592	285.894	285.307	284.820	284.427	284.120	283.894	283.745	283.671
296.532	294.544	292.811	291.304	289.997	288.870	287.903	287.081	286.389	285.815	285.352	284.990	284.723	284.548	284.461
293.348	291.726	290.312	289.083	288.017	287.098	286.309	285.638	285.073	284.606	284.227	283.932	283.715	283.572	283.501
291.487	290.079	288.852	287.785	286.860	286.062	285.377	284.795	284.304	283.899	283.570	283.314	283.125	283.001	282.940
291.385	289.989	288.772	287.714	286.797	286.005	285.326	284.749	284.263	283.860	283.534	283.280	283.093	282.970	282.909
292.019	290.550	289.270	288.156	287.191	286.358	285.644	285.036	284.524	284.101	283.758	283.491	283.294	283.165	283.100
289.232	288.084	287.083	286.212	285.457	284.806	284.248	283.773	283.373	283.042	282.774	282.565	282.411	282.310	282.260
287.313	286.386	285.577	284.874	284.264	283.738	283.287	282.903	282.581	282.313	282.097	281.928	281.804	281.722	281.681
289.334	288.174	287.162	286.283	285.521	284.863	284.299	283.819	283.415	283.081	282.810	282.599	282.444	282.341	282.291
289.778	288.567	287.511	286.593	285.797	285.111	284.522	284.020	283.599	283.250	282.967	282.747	282.584	282.478	282.425
290.549	289.249	288.116	287.131	286.277	285.540	284.908	284.370	283.917	283.543	283.239	283.003	282.828	282.714	282.657
291.440	290.038	288.815	287.752	286.831	286.035	285.354	284.773	284.285	283.881	283.554	283.298	283.110	282.987	282.926
291.148	289.779	288.586	287.548	286.649	285.873	285.207	284.641	284.164	283.770	283.451	283.201	283.018	282.897	282.838
296.500	294.515	292.786	291.281	289.977	288.852	287.887	287.066	286.375	285.803	285.340	284.979	284.713	284.538	284.451
294.751	292.968	291.413	290.062	288.890	287.879	287.012	286.274	285.653	285.139	284.723	284.398	284.159	284.002	283.924
294.184	292.466	290.968	289.666	288.537	287.563	286.727	286.017	285.418	284.923	284.523	284.210	283.979	283.828	283.753
293.722	292.057	290.606	289.344	288.250	287.306	286.496	285.807	285.228	284.748	284.359	284.056	283.833	283.687	283.614
292.448	290.930	289.606	288.455	287.457	286.597	285.858	285.230	284.701	284.264	283.910	283.633	283.430	283.296	283.230
289.701	288.498	287.450	286.539	285.749	285.067	284.483	283.985	283.567	283.220	282.940	282.721	282.560	282.454	282.401
289.137	287.999	287.008	286.146	285.398	284.754	284.200	283.730	283.334	283.006	282.741	282.534	282.381	282.281	282.231
290.600	289.294	288.156	287.166	286.308	285.568	284.933	284.393	283.938	283.562	283.257	283.019	282.845	282.729	282.672
291.094	289.731	288.544	287.511	286.615	285.843	285.180	284.617	284.142	283.749	283.432	283.184	283.001	282.881	282.821
290.684	289.368	288.222	287.225	286.360	285.615	284.975	284.431	283.973	283.594	283.287	283.047	282.871	282.755	282.698
293.282	291.668	290.260	289.037	287.976	287.061	286.276	285.608	285.046	284.581	284.204	283.910	283.694	283.552	283.481
296.909	294.877	293.106	291.566	290.232	289.080	288.092	287.251	286.544	285.958	285.485	285.115	284.843	284.664	284.575
295.209	293.373	291.773	290.381	289.175	288.134	287.241	286.481	285.842	285.313	284.885	284.550	284.304	284.143	284.062
293.845	292.166	290.703	289.430	288.326	287.374	286.558	285.863	285.279	284.795	284.403	284.097	283.872	283.724	283.651
293.709	292.046	290.596	289.335	288.242	287.299	286.490	285.802	285.223	284.743	284.355	284.052	283.829	283.683	283.610
294.694	292.918	291.369	290.022	288.854	287.847	286.983	286.248	285.629	285.117	284.703	284.379	284.141	283.985	283.907
292.501	290.977	289.648	288.492	287.491	286.626	285.885	285.254	284.724	284.284	283.929	283.651	283.447	283.312	283.246
290.281	289.012	287.906	286.944	286.110	285.391	284.773	284.248	283.807	283.441	283.145	282.914	282.744	282.632	282.576
289.350	288.188	287.175	286.294	285.531	284.872	284.307	283.826	283.422	283.087	282.816	282.604	282.449	282.346	282.295
290.898	289.558	288.390	287.374	286.493	285.734	285.082	284.528	284.061	283.675	283.362	283.118	282.939	282.821	282.762
293.576	291.928	290.491	289.241	288.159	287.224	286.423	285.741	285.167	284.692	284.308	284.008	283.787	283.642	283.570
292.041	290.570	289.287	288.172	287.205	286.370	285.655	285.046	284.534	284.109	283.766	283.498	283.301	283.171	283.107
291.071	289.711	288.526	287.495	286.601	285.830	285.169	284.606	284.133	283.741	283.423	283.176	282.994	282.874	282.814
288.956	287.839	286.866	286.019	285.286	284.653	284.110	283.648	283.259	282.937	282.677	282.473	282.324	282.225	282.177
288.488	287.425	286.499	285.693	284.995	284.392	283.876	283.436	283.066	282.759	282.512	282.318	282.176	282.082	282.036
290.025	288.785	287.704	286.765	285.950	285.248	284.645	284.132	283.700	283.343	283.054	282.828	282.662	282.553	282.499
290.631	289.322	288.180	287.188	286.327	285.585	284.948	284.407	283.951	283.573	283.268	283.030	282.854	282.739	282.682
296.471	294.490	292.763	291.261	289.959	288.836	287.872	287.053	286.363	285.792	285.330	284.969	284.704	284.529	284.443
292.747	291.194	289.840	288.663	287.643	286.763	286.008	285.365	284.825	284.377	284.015	283.732	283.524	283.388	283.320
294.059	292.356	290.870	289.579	288.460	287.494	286.665	285.960	285.367	284.876	284.479	284.168	283.940	283.790	283.716
292.729	291.178	289.827	288.651	287.632	286.753	285.999	285.357	284.818	284.371	284.009	283.727	283.519	283.382	283.314
289.061	287.932	286.948	286.093	285.351	284.711	284.162	283.695	283.302	282.977	282.714	282.508	282.357	282.258	282.208
287.284	286.360	285.554	284.853	284.246	283.722	283.273	282.890	282.569	282.302	282.086	281.918	281.794	281.713	281.673
287.793	286.810	285.953	285.208	284.562	284.005	283.527	283.121	282.779	282.495	282.266	282.087	281.955	281.869	281.826
285.914	285.148	284.479	283.898	283.394	282.960	282.587	282.270	282.003	281.782	281.603	281.463	281.361	281.293	281.260
287.473	286.527	285.702	284.985	284.364	283.827	283.367	282.976	282.647	282.374	282.153	281.981	281.854	281.771	281.730
291.024	289.670	288.489	287.462	286.572	285.804	285.145	284.585	284.113	283.723	283.407	283.160	282.979	282.859	282.800
290.866	289.529	288.365	287.352	286.474	285.716	285.066	284.513	284.048	283.663	283.351	283.108	282.929	282.811	282.753
291.549	290.134	288.900	287.828	286.898	286.096	285.408	284.823	284.330	283.922	283.592	283.335	283.145	283.020	282.958
290.892	289.553	288.385	287.370	286.490	285.731	285.079	284.525	284.059	283.673	283.360	283.117	282.937	282.819	282.761
288.821	287.720	286.760	285.925	285.202	284.578	284.042	283.587	283.203	282.886	282.629	282.429	282.281	282.184	282.136
292.968	291.390	290.014	288.817	287.781	286.886	286.118	285.465	284.916	284.461	284.093	283.806	283.594	283.455	283.386
296.516	294.530	292.798	291.292	289.987	288.861	287.895	287.073	286.382	285.809	285.346	284.984	284.718	284.543	284.456
291.982	290.517	289.240	288.130	287.168	286.337	285.625	285.019	284.509	284.087	283.745	283.478	283.282	283.153	283.089
286.644	285.794	285.052	284.407	283.848	283.366	282.952	282.600	282.304	282.059	281.861	281.706	281.592	281.517	281.480
286.029	285.250	284.570	283.978	283.466	283.024	282.644	282.322	282.050	281.825	281.644	281.502	281.397	281.328	281.294
285.477	284.760	284.136	283.593	283.122	282.716	282.368	282.071	281.822	281.615	281.448	281.318	281.222	281.159	281.128
285.670	284.931	284.288	283.728	283.242	282.824	282.464	282.159	281.902	281.689	281.517	281.382	281.283	281.218	281.186
288.719	287.630	286.680	285.854	285.139	284.521	283.991	283.541	283.161	282.847	282.593	282.395	282.249	282.153	282.105
290.421	289.136	288.015	287.041	286.197	285.468	284.843	284.311	283.864	283.494	283.194	282.960	282.788	282.675	282.618
287.472	286.526	285.702	284.984	284.363	283.827	283.367	282.975	282.646	282.373	282.153	281.981	281.854	281.771	281.729
287.236	286.317	285.516	284.820	284.216	283.695	283.249	282.868	282.549	282.284	282.070	281.902	281.779	281.698	281.658
288.296	287.255	286.348	285.559	284.875	284.285	283.779	283.349	282.986	282.686	282.444	282.254	282.115	282.023	281.978
286.873	285.996	285.232	284.567	283.991	283.494	283.067	282.704	282.399	282.146	281.941	281.782	281.664	281.587	281.549
286.814	285.944	285.185	284.525	283.954	283.460	283.037	282.677	282.374	282.123	281.920	281.762	281.645	281.569	281.531
286.789	285.922	285.166	284.508	283.938	283.447	283.025	282.666	282.364	282.114	281.912	281.754	281.638	281.561	281.523
286.406	285.583	284.865	284.241	283.700	283.233	282.833	282.492	282.206	281.969	281.777	281.627	281.516	281.444	281.408
285.679	284.940	284.295	283.734	283.248	282.829	282.469	282.163	281.906	281.692	281.520	281.385	281.286	281.221	281.189
285.690	284.949	284.303	283.741	283.255	282.835	282.474	282.168	281.910	281.696	281.524	281.389	281.289	281.224	281.192
282.835	282.422	282.063	281.750	281.479	281.245	281.045	280.874	280.731	280.612	280.516	280.441	280.385	280.349	280.331
283.440	282.958	282.538	282.172	281.855	281.582	281.348	281.148	280.981	280.842	280.729	280.641	280.577	280.534	280.513
283.419	282.940	282.522	282.158	281.843	281.571	281.338	281.139	280.972	280.834	280.722	280.635	280.570	280.528	280.507
283.571	283.074	282.640	282.264	281.937	281.655	281.413	281.208	281.035	280.891	280.775	280.685	280.618	280.575	280.553
285.259	284.568	283.965	283.441	282.987	282.595	282.259	281.973	281.732	281.533	281.372	281.246	281.153	281.092	281.062
287.231	286.313	285.513	284.817	284.213	283.693	283.246	282.866	282.547	282.282	282.068	281.901	281.778	281.697	281.657
287.902	286.906	286.039	285.284	284.630	284.066	283.582	283.170	282.824	282.537	282.305	282.123	281.990	281.902	281.859
287.081	286.180	285.395	284.712	284.120	283.609	283.171	282.798	282.485	282.225	282.015	281.851	281.730	281.651	281.611
287.264	286.342	285.539	284.840	284.234	283.711	283.263	282.881	282.560	282.295	282.080	281.912	281.788	281.707	281.667
288.128	287.107	286.216	285.442	284.771	284.192	283.695	283.273	282.917	282.623	282.384	282.199	282.062	281.972	281.927
288.392	287.340	286.423	285.626	284.935	284.339	283.827	283.392	283.026	282.723	282.478	282.286	282.145	282.053	282.007
288.869	287.762	286.797	285.959	285.232	284.604	284.066	283.608	283.223	282.904	282.646	282.444	282.296	282.199	282.150
288.642	287.562	286.620	285.801	285.091	284.478	283.953	283.506	283.129	282.818	282.566	282.369	282.224	282.129	282.082
291.350	289.958	288.745	287.689	286.775	285.986	285.309	284.733	284.248	283.847	283.522	283.269	283.082	282.959	282.899
289.587	288.398	287.361	286.460	285.679	285.004	284.426	283.934	283.520	283.177	282.900	282.683	282.524	282.419	282.367
286.184	285.387	284.691	284.086	283.562	283.110	282.722	282.392	282.114	281.884	281.698	281.553	281.446	281.376	281.341
285.579	284.851	284.216	283.664	283.186	282.773	282.419	282.118	281.864	281.654	281.484	281.352	281.254	281.190	281.158
286.454	285.625	284.903	284.274	283.730	283.260	282.857	282.514	282.226	281.987	281.793	281.642	281.531	281.458	281.422
285.253	284.562	283.960	283.437	282.983	282.591	282.255	281.970	281.729	281.530	281.369	281.244	281.151	281.090	281.060
285.088	284.417	283.831	283.322	282.881	282.500	282.173	281.895	281.662	281.468	281.311	281.189	281.099	281.040	281.010
284.735	284.104	283.554	283.076	282.661	282.303	281.996	281.735	281.516	281.334	281.187	281.072	280.987	280.932	280.904
283.615	283.113	282.675	282.295	281.965	281.680	281.436	281.228	281.053	280.908	280.791	280.700	280.633	280.588	280.566
282.901	282.481	282.115	281.796	281.520	281.282	281.078	280.904	280.758	280.637	280.539	280.462	280.406	280.369	280.351
282.007	281.690	281.413	281.173	280.964	280.785	280.630	280.499	280.389	280.297	280.223	280.166	280.123	280.095	280.081
285.993	285.217	284.541	283.953	283.443	283.003	282.626	282.305	282.035	281.812	281.631	281.489	281.385	281.317	281.283
288.045	287.034	286.152	285.384	284.720	284.146	283.654	283.235	282.883	282.591	282.355	282.171	282.036	281.946	281.902
286.918	286.036	285.267	284.598	284.018	283.518	283.089	282.724	282.417	282.163	281.957	281.797	281.678	281.601	281.562
284.312	283.729	283.222	282.780	282.398	282.068	281.784	281.543	281.341	281.173	281.037	280.931	280.853	280.802	280.776
288.934	287.820	286.849	286.004	285.272	284.641	284.099	283.638	283.250	282.929	282.669	282.466	282.317	282.219	282.170
289.224	288.077	287.076	286.206	285.453	284.802	284.244	283.769	283.370	283.039	282.771	282.562	282.409	282.308	282.258
288.821	287.720	286.760	285.925	285.202	284.578	284.042	283.587	283.203	282.886	282.629	282.429	282.281	282.184	282.136
287.351	286.420	285.607	284.900	284.288	283.760	283.306	282.921	282.596	282.328	282.110	281.941	281.816	281.734	281.693
285.825	285.069	284.410	283.836	283.339	282.910	282.542	282.229	281.966	281.748	281.571	281.434	281.332	281.266	281.233
285.194	284.510	283.914	283.395	282.946	282.559	282.226	281.943	281.705	281.508	281.348	281.224	281.132	281.072	281.042
284.837	284.194	283.634	283.147	282.724	282.360	282.047	281.782	281.558	281.372	281.223	281.106	281.019	280.963	280.935
285.296	284.600	283.994	283.467	283.010	282.615	282.277	281.989	281.747	281.547	281.384	281.258	281.165	281.103	281.073
283.154	282.705	282.313	281.973	281.678	281.423	281.205	281.019	280.862	280.733	280.628	280.546	280.486	280.447	280.427
283.491	283.003	282.578	282.208	281.887	281.611	281.373	281.172	281.002	280.861	280.747	280.658	280.593	280.550	280.529
285.498	284.779	284.153	283.608	283.136	282.728	282.379	282.081	281.831	281.624	281.456	281.325	281.229	281.165	281.134
288.416	287.361	286.442	285.643	284.950	284.352	283.839	283.403	283.036	282.732	282.486	282.294	282.153	282.060	282.014
285.529	284.806	284.177	283.629	283.155	282.745	282.394	282.095	281.843	281.635	281.467	281.335	281.238	281.175	281.143
283.986	283.441	282.966	282.553	282.195	281.886	281.621	281.396	281.206	281.049	280.922	280.823	280.750	280.702	280.678
283.234	282.776	282.376	282.029	281.728	281.468	281.245	281.055	280.896	280.763	280.657	280.573	280.512	280.471	280.451
284.563	283.952	283.419	282.956	282.554	282.208	281.910	281.657	281.445	281.268	281.126	281.015	280.933	280.879	280.852
280.864	280.678	280.516	280.376	280.254	280.148	280.058	279.981	279.917	279.863	279.820	279.786	279.761	279.745	279.737
281.291	281.056	280.852	280.674	280.519	280.386	280.272	280.175	280.093	280.025	279.971	279.928	279.896	279.876	279.866
281.885	281.582	281.318	281.088	280.889	280.717	280.570	280.444	280.339	280.251	280.180	280.125	280.085	280.058	280.045
282.538	282.159	281.830	281.543	281.295	281.080	280.896	280.740	280.608	280.499	280.411	280.342	280.291	280.258	280.241
281.875	281.573	281.310	281.081	280.883	280.711	280.565	280.440	280.334	280.247	280.177	280.122	280.081	280.055	280.042
280.206	280.096	280.000	279.916	279.844	279.782	279.728	279.683	279.645	279.613	279.587	279.567	279.553	279.543	279.538
281.155	280.936	280.745	280.579	280.435	280.311	280.204	280.113	280.037	279.974	279.923	279.883	279.853	279.834	279.825
276.453	276.774	277.055	277.299	277.510	277.693	277.849	277.982	278.094	278.187	278.262	278.321	278.364	278.392	278.406
276.830	277.108	277.351	277.562	277.745	277.903	278.038	278.153	278.250	278.330	278.395	278.446	278.483	278.508	278.520
280.422	280.287	280.169	280.067	279.979	279.902	279.837	279.781	279.734	279.695	279.664	279.639	279.621	279.609	279.603
279.435	279.413	279.395	279.379	279.365	279.353	279.342	279.334	279.326	279.320	279.315	279.311	279.308	279.307	279.306
279.470	279.444	279.422	279.403	279.387	279.372	279.360	279.350	279.341	279.333	279.328	279.323	279.320	279.317	279.316
277.644	277.828	277.989	278.130	278.251	278.356	278.446	278.522	278.586	278.640	278.683	278.716	278.741	278.758	278.766
276.069	276.435	276.754	277.031	277.272	277.479	277.657	277.809	277.936	278.041	278.127	278.193	278.243	278.275	278.291
275.936	276.317	276.650	276.939	277.189	277.405	277.591	277.749	277.881	277.991	278.080	278.149	278.201	278.234	278.251
275.693	276.102	276.459	276.769	277.038	277.270	277.469	277.638	277.781	277.899	277.994	278.069	278.123	278.160	278.177
280.856	280.672	280.511	280.370	280.249	280.144	280.054	279.978	279.914	279.860	279.817	279.784	279.759	279.742	279.734
280.232	280.119	280.020	279.935	279.860	279.796	279.741	279.695	279.655	279.623	279.597	279.576	279.561	279.551	279.546
277.247	277.478	277.679	277.853	278.005	278.135	278.247	278.343	278.423	278.489	278.543	278.585	278.616	278.636	278.646
275.723	276.129	276.483	276.790	277.057	277.287	277.484	277.652	277.793	277.910	278.005	278.079	278.133	278.169	278.187
276.639	276.940	277.201	277.429	277.626	277.797	277.943	278.067	278.172	278.258	278.328	278.383	278.423	278.450	278.463
276.700	276.994	277.249	277.472	277.665	277.831	277.973	278.095	278.197	278.281	278.350	278.403	278.443	278.468	278.481
278.425	278.520	278.602	278.674	278.737	278.791	278.837	278.876	278.909	278.936	278.959	278.976	278.989	278.997	279.001
281.205	280.980	280.784	280.614	280.466	280.338	280.229	280.136	280.058	279.993	279.940	279.899	279.869	279.849	279.840
281.769	281.479	281.227	281.007	280.816	280.652	280.511	280.391	280.290	280.207	280.139	280.087	280.048	280.022	280.010
279.272	279.269	279.267	279.265	279.263	279.262	279.261	279.260	279.259	279.258	279.258	279.257	279.257	279.257	279.256
275.714	276.121	276.476	276.784	277.051	277.282	277.480	277.648	277.790	277.907	278.002	278.076	278.130	278.166	278.184
275.632	276.048	276.411	276.726	277.000	277.236	277.438	277.611	277.755	277.875	277.973	278.048	278.104	278.141	278.159
276.627	276.929	277.192	277.420	277.619	277.790	277.937	278.061	278.166	278.253	278.324	278.379	278.419	278.446	278.459
277.757	277.929	278.078	278.209	278.321	278.419	278.502	278.573	278.633	278.683	278.723	278.754	278.777	278.792	278.800
273.406	274.078	274.664	275.174	275.616	275.997	276.324	276.602	276.836	277.030	277.187	277.309	277.399	277.458	277.488
272.450	273.233	273.915	274.508	275.022	275.465	275.845	276.169	276.441	276.667	276.849	276.992	277.097	277.166	277.200
273.400	274.073	274.660	275.170	275.612	275.994	276.321	276.599	276.834	277.028	277.185	277.307	277.397	277.457	277.486
273.132	273.836	274.449	274.983	275.445	275.844	276.187	276.478	276.723	276.926	277.090	277.218	277.312	277.374	277.405
272.627	273.389	274.053	274.631	275.131	275.563	275.934	276.249	276.514	276.734	276.912	277.050	277.153	277.220	277.253
276.526	276.839	277.113	277.350	277.556	277.734	277.886	278.016	278.125	278.215	278.288	278.345	278.387	278.415	278.429
279.459	279.435	279.414	279.396	279.380	279.367	279.355	279.345	279.337	279.330	279.324	279.320	279.316	279.314	279.313
279.883	279.810	279.747	279.691	279.644	279.602	279.567	279.537	279.511	279.490	279.473	279.460	279.450	279.444	279.441
278.673	278.739	278.797	278.847	278.891	278.929	278.961	278.988	279.012	279.031	279.046	279.058	279.067	279.073	279.076
275.871	276.259	276.598	276.893	277.148	277.369	277.558	277.719	277.854	277.966	278.057	278.128	278.180	278.214	278.231
273.457	274.123	274.704	275.210	275.647	276.025	276.349	276.625	276.857	277.049	277.205	277.326	277.415	277.474	277.503
272.039	272.869	273.592	274.221	274.766	275.236	275.640	275.983	276.272	276.511	276.704	276.855	276.966	277.040	277.076
273.278	273.965	274.564	275.085	275.536	275.926	276.260	276.544	276.783	276.981	277.142	277.267	277.359	277.419	277.449
274.763	275.280	275.729	276.121	276.460	276.753	277.004	277.217	277.397	277.546	277.666	277.760	277.829	277.875	277.897
273.504	274.165	274.742	275.243	275.677	276.052	276.373	276.647	276.877	277.067	277.221	277.342	277.430	277.489	277.518
275.054	275.537	275.958	276.324	276.641	276.914	277.149	277.349	277.517	277.656	277.769	277.857	277.921	277.964	277.985
273.354	274.032	274.623	275.138	275.583	275.968	276.298	276.578	276.815	277.010	277.168	277.292	277.383	277.442	277.472
273.790	274.418	274.966	275.442	275.854	276.211	276.516	276.776	276.995	277.176	277.322	277.437	277.521	277.576	277.604
273.398	274.071	274.658	275.168	275.611	275.993	276.320	276.598	276.833	277.027	277.184	277.307	277.397	277.456	277.485
278.318	278.425	278.519	278.600	278.671	278.731	278.783	278.828	278.865	278.896	278.921	278.941	278.955	278.964	278.969
275.262	275.720	276.120	276.468	276.770	277.030	277.253	277.443	277.603	277.735	277.842	277.925	277.987	278.027	278.047
277.715	277.891	278.045	278.179	278.295	278.395	278.481	278.554	278.616	278.667	278.708	278.740	278.764	278.779	278.787
279.272	279.269	279.267	279.265	279.263	279.262	279.261	279.260	279.259	279.258	279.258	279.257	279.257	279.257	279.256
277.722	277.897	278.051	278.184	278.300	278.399	278.485	278.557	278.619	278.669	278.710	278.742	278.766	278.781	278.789
279.903	279.828	279.763	279.706	279.656	279.614	279.577	279.546	279.520	279.498	279.481	279.467	279.457	279.450	279.447
282.566	282.185	281.852	281.563	281.312	281.096	280.910	280.752	280.620	280.510	280.421	280.351	280.300	280.267	280.250
280.915	280.724	280.557	280.412	280.286	280.177	280.084	280.005	279.938	279.883	279.838	279.803	279.777	279.761	279.752
275.547	275.973	276.344	276.667	276.947	277.189	277.396	277.572	277.720	277.843	277.943	278.020	278.077	278.115	278.133
274.587	275.123	275.591	275.998	276.350	276.654	276.915	277.137	277.324	277.478	277.604	277.701	277.773	277.820	277.844
274.410	274.967	275.452	275.874	276.240	276.556	276.827	277.057	277.251	277.411	277.541	277.643	277.717	277.766	277.791
274.427	274.982	275.466	275.886	276.251	276.565	276.835	277.065	277.258	277.418	277.547	277.648	277.723	277.771	277.796
276.496	276.812	277.089	277.329	277.537	277.717	277.871	278.002	278.112	278.204	278.278	278.335	278.378	278.406	278.419
282.645	282.255	281.914	281.618	281.361	281.140	280.950	280.788	280.652	280.540	280.449	280.378	280.325	280.291	280.274
279.418	279.398	279.381	279.367	279.354	279.343	279.334	279.326	279.319	279.314	279.309	279.306	279.303	279.301	279.301
276.479	276.797	277.075	277.317	277.527	277.707	277.862	277.994	278.105	278.197	278.272	278.330	278.372	278.400	278.414
277.816	277.981	278.124	278.250	278.358	278.452	278.532	278.600	278.658	278.705	278.744	278.774	278.796	278.810	278.817
279.056	279.079	279.098	279.115	279.130	279.142	279.153	279.162	279.170	279.176	279.182	279.186	279.189	279.191	279.192
278.399	278.497	278.582	278.656	278.721	278.776	278.824	278.864	278.898	278.927	278.949	278.967	278.980	278.989	278.993
276.228	276.576	276.879	277.143	277.371	277.568	277.737	277.881	278.002	278.102	278.183	278.246	278.293	278.324	278.339
272.287	273.088	273.787	274.394	274.920	275.374	275.764	276.095	276.374	276.605	276.792	276.938	277.045	277.116	277.151
269.638	270.744	271.708	272.546	273.273	273.900	274.437	274.895	275.280	275.599	275.856	276.058	276.206	276.303	276.352
273.094	273.802	274.419	274.956	275.421	275.823	276.167	276.460	276.707	276.911	277.076	277.205	277.300	277.363	277.394
275.505	275.936	276.311	276.638	276.921	277.165	277.375	277.553	277.703	277.827	277.928	278.006	278.064	278.102	278.121
271.910	272.755	273.491	274.131	274.686	275.164	275.575	275.924	276.218	276.462	276.659	276.812	276.926	277.000	277.037
273.596	274.247	274.814	275.307	275.734	276.103	276.419	276.688	276.915	277.102	277.254	277.372	277.459	277.517	277.545
272.721	273.472	274.127	274.696	275.190	275.616	275.981	276.292	276.553	276.770	276.945	277.082	277.182	277.248	277.281
277.719	277.895	278.049	278.182	278.298	278.398	278.484	278.556	278.618	278.669	278.710	278.742	278.765	278.781	278.788
272.978	273.700	274.329	274.876	275.350	275.759	276.110	276.408	276.659	276.867	277.036	277.167	277.264	277.327	277.359
274.738	275.257	275.710	276.103	276.444	276.739	276.991	277.206	277.386	277.536	277.657	277.752	277.821	277.867	277.890
273.485	274.148	274.727	275.229	275.665	276.041	276.364	276.638	276.869	277.060	277.215	277.335	277.424	277.483	277.512
274.418	274.974	275.459	275.880	276.245	276.560	276.831	277.061	277.254	277.414	277.544	277.645	277.720	277.769	277.793
274.246	274.822	275.324	275.760	276.138	276.465	276.744	276.983	277.183	277.349	277.483	277.588	277.665	277.716	277.741
272.695	273.449	274.106	274.678	275.174	275.601	275.968	276.280	276.542	276.760	276.936	277.073	277.174	277.240	277.273
278.131	278.260	278.372	278.470	278.554	278.627	278.690	278.743	278.788	278.825	278.855	278.879	278.896	278.907	278.913
279.182	279.190	279.197	279.203	279.208	279.212	279.216	279.219	279.222	279.224	279.226	279.227	279.228	279.229	279.230
276.498	276.814	277.090	277.330	277.538	277.718	277.872	278.003	278.113	278.204	278.278	278.336	278.378	278.406	278.420
283.265	282.803	282.400	282.050	281.747	281.485	281.260	281.069	280.908	280.775	280.667	280.583	280.521	280.481	280.461
281.394	281.148	280.933	280.746	280.583	280.444	280.324	280.222	280.136	280.065	280.007	279.962	279.929	279.907	279.897
278.368	278.470	278.558	278.635	278.702	278.759	278.808	278.850	278.886	278.915	278.939	278.957	278.971	278.980	278.984
277.144	277.386	277.598	277.781	277.940	278.078	278.196	278.296	278.380	278.450	278.507	278.551	278.583	278.604	278.615
280.632	280.473	280.335	280.214	280.110	280.019	279.942	279.876	279.821	279.775	279.738	279.709	279.688	279.674	279.667
282.172	281.836	281.543	281.288	281.067	280.877	280.713	280.574	280.457	280.360	280.282	280.220	280.175	280.146	280.131
276.509	276.824	277.099	277.338	277.546	277.724	277.878	278.008	278.118	278.209	278.282	278.340	278.382	278.410	278.424
277.413	277.624	277.808	277.968	278.107	278.227	278.330	278.417	278.491	278.552	278.601	278.640	278.668	278.687	278.696
275.168	275.637	276.047	276.403	276.711	276.978	277.206	277.400	277.564	277.699	277.809	277.894	277.957	277.998	278.019
274.754	275.272	275.722	276.114	276.454	276.747	276.999	277.213	277.393	277.542	277.663	277.757	277.826	277.872	277.894
273.043	273.757	274.379	274.921	275.390	275.795	276.142	276.437	276.686	276.892	277.058	277.188	277.284	277.347	277.378
271.604	272.483	273.250	273.917	274.495	274.994	275.421	275.785	276.092	276.345	276.550	276.711	276.828	276.906	276.944
271.262	272.181	272.982	273.678	274.282	274.803	275.250	275.630	275.950	276.215	276.430	276.597	276.720	276.801	276.841
268.035	269.325	270.450	271.428	272.276	273.007	273.635	274.169	274.618	274.990	275.291	275.525	275.698	275.812	275.868
275.845	276.236	276.578	276.875	277.132	277.354	277.545	277.707	277.843	277.956	278.048	278.119	278.172	278.206	278.223
273.441	274.109	274.692	275.199	275.638	276.016	276.341	276.618	276.851	277.043	277.199	277.321	277.410	277.469	277.498
275.486	275.919	276.296	276.625	276.909	277.155	277.365	277.544	277.695	277.820	277.921	278.000	278.058	278.096	278.115
279.337	279.327	279.318	279.311	279.304	279.299	279.294	279.289	279.286	279.283	279.281	279.279	279.278	279.277	279.276
279.581	279.543	279.509	279.481	279.456	279.434	279.416	279.400	279.387	279.376	279.367	279.360	279.355	279.351	279.350
279.774	279.714	279.661	279.616	279.576	279.542	279.512	279.488	279.467	279.449	279.435	279.424	279.416	279.411	279.408
277.719	277.895	278.049	278.182	278.298	278.398	278.484	278.556	278.618	278.669	278.710	278.742	278.765	278.781	278.788
277.615	277.803	277.967	278.110	278.233	278.340	278.431	278.509	278.575	278.629	278.673	278.707	278.732	278.749	278.757
278.546	278.627	278.697	278.759	278.812	278.858	278.897	278.931	278.959	278.982	279.001	279.016	279.027	279.034	279.038
277.060	277.312	277.532	277.723	277.888	278.031	278.154	278.258	278.346	278.418	278.477	278.523	278.557	278.579	278.590
275.781	276.180	276.528	276.830	277.093	277.319	277.513	277.678	277.817	277.932	278.025	278.098	278.151	278.186	278.204
275.792	276.190	276.536	276.838	277.099	277.325	277.518	277.683	277.822	277.936	278.029	278.101	278.155	278.190	278.207
275.363	275.810	276.200	276.539	276.833	277.086	277.304	277.489	277.644	277.773	277.878	277.959	278.019	278.058	278.078
272.083	272.907	273.626	274.251	274.793	275.260	275.661	276.002	276.289	276.527	276.719	276.870	276.980	277.053	277.089
270.351	271.375	272.268	273.044	273.716	274.297	274.794	275.218	275.574	275.870	276.108	276.295	276.432	276.522	276.567
271.216	272.141	272.946	273.647	274.254	274.778	275.228	275.610	275.932	276.198	276.414	276.582	276.706	276.787	276.828
269.773	270.863	271.814	272.640	273.357	273.975	274.505	274.956	275.335	275.650	275.904	276.103	276.249	276.345	276.392
271.793	272.651	273.398	274.049	274.613	275.099	275.516	275.871	276.170	276.417	276.617	276.773	276.888	276.964	277.001
276.382	276.712	277.000	277.250	277.467	277.654	277.814	277.951	278.065	278.161	278.238	278.298	278.342	278.371	278.385
276.839	277.117	277.358	277.569	277.751	277.908	278.043	278.158	278.254	278.334	278.399	278.449	278.487	278.511	278.523
262.978	264.850	266.482	267.901	269.131	270.192	271.103	271.877	272.529	273.068	273.505	273.846	274.097	274.262	274.343
267.247	268.628	269.832	270.879	271.786	272.569	273.240	273.811	274.292	274.690	275.012	275.264	275.449	275.570	275.631
268.802	270.004	271.052	271.963	272.753	273.434	274.019	274.516	274.935	275.281	275.561	275.780	275.941	276.047	276.100
268.603	269.828	270.895	271.824	272.629	273.323	273.919	274.426	274.852	275.205	275.491	275.714	275.878	275.986	276.039
270.607	271.602	272.468	273.222	273.875	274.439	274.923	275.334	275.680	275.967	276.199	276.380	276.513	276.600	276.644
277.547	277.743	277.914	278.062	278.191	278.302	278.397	278.478	278.547	278.603	278.649	278.685	278.711	278.728	278.737
276.853	277.129	277.369	277.578	277.760	277.916	278.050	278.164	278.260	278.340	278.404	278.454	278.491	278.515	278.527
273.182	273.880	274.488	275.018	275.476	275.872	276.212	276.500	276.743	276.945	277.108	277.235	277.328	277.390	277.420
273.326	274.007	274.601	275.118	275.566	275.952	276.284	276.566	276.803	276.999	277.158	277.282	277.374	277.434	277.464
277.234	277.466	277.668	277.844	277.996	278.128	278.240	278.336	278.417	278.484	278.538	278.580	278.611	278.632	278.642
277.010	277.267	277.492	277.687	277.857	278.003	278.128	278.235	278.325	278.399	278.459	278.506	278.540	278.563	278.574
279.964	279.882	279.811	279.748	279.694	279.648	279.608	279.574	279.545	279.521	279.502	279.487	279.476	279.469	279.465
284.276	283.698	283.194	282.756	282.376	282.048	281.767	281.527	281.326	281.159	281.025	280.919	280.842	280.791	280.766
282.237	281.893	281.593	281.333	281.107	280.912	280.745	280.603	280.484	280.385	280.304	280.242	280.196	280.166	280.151
280.158	280.054	279.962	279.883	279.815	279.755	279.705	279.661	279.625	279.595	279.571	279.552	279.538	279.528	279.524
275.847	276.238	276.580	276.876	277.134	277.356	277.546	277.708	277.844	277.957	278.048	278.120	278.172	278.207	278.224
276.056	276.424	276.744	277.023	277.264	277.472	277.651	277.803	277.931	278.037	278.122	278.189	278.239	278.271	278.287
278.477	278.566	278.643	278.711	278.769	278.820	278.863	278.900	278.931	278.956	278.977	278.993	279.005	279.013	279.017
275.302	275.756	276.152	276.497	276.795	277.053	277.273	277.461	277.619	277.750	277.856	277.939	278.000	278.040	278.060
275.344	275.793	276.185	276.526	276.821	277.076	277.294	277.480	277.637	277.766	277.871	277.953	278.013	278.053	278.072
275.446	275.884	276.265	276.597	276.885	277.133	277.346	277.527	277.679	277.805	277.907	277.987	278.045	278.084	278.103
278.366	278.468	278.556	278.633	278.700	278.758	278.807	278.849	278.885	278.914	278.938	278.956	278.970	278.979	278.983
272.148	272.965	273.677	274.297	274.833	275.297	275.694	276.032	276.316	276.552	276.743	276.891	277.001	277.073	277.108
275.307	275.760	276.156	276.500	276.798	277.055	277.276	277.463	277.621	277.752	277.858	277.940	278.001	278.041	278.061
276.226	276.574	276.877	277.141	277.370	277.567	277.736	277.880	278.001	278.101	278.182	278.246	278.292	278.323	278.338
277.567	277.760	277.929	278.076	278.203	278.313	278.407	278.487	278.555	278.610	278.656	278.691	278.717	278.734	278.742
275.728	276.133	276.487	276.794	277.060	277.290	277.487	277.654	277.795	277.912	278.007	278.080	278.135	278.170	278.188
277.183	277.421	277.628	277.809	277.965	278.100	278.215	278.314	278.396	278.465	278.520	278.564	278.595	278.616	278.627
276.412	276.739	277.023	277.271	277.485	277.670	277.829	277.964	278.078	278.172	278.248	278.308	278.351	278.380	278.394
274.412	274.969	275.454	275.876	276.242	276.557	276.828	277.058	277.252	277.412	277.542	277.643	277.718	277.767	277.791
277.267	277.495	277.694	277.867	278.017	278.146	278.257	278.351	278.431	278.496	278.550	278.591	278.622	278.642	278.652
276.993	277.253	277.479	277.676	277.847	277.994	278.120	278.228	278.318	278.393	278.453	278.501	278.535	278.558	278.570
273.507	274.167	274.743	275.244	275.678	276.053	276.374	276.648	276.878	277.068	277.222	277.343	277.431	277.489	277.518
273.578	274.231	274.799	275.294	275.723	276.093	276.410	276.680	276.907	277.095	277.247	277.366	277.454	277.511	277.540
276.519	276.833	277.107	277.345	277.552	277.730	277.883	278.013	278.122	278.213	278.286	278.343	278.385	278.413	278.427
285.356	284.653	284.041	283.508	283.047	282.649	282.307	282.017	281.772	281.570	281.406	281.278	281.184	281.122	281.091
286.062	285.279	284.595	284.001	283.486	283.042	282.661	282.337	282.064	281.838	281.655	281.512	281.407	281.338	281.304
280.826	280.645	280.487	280.349	280.230	280.127	280.039	279.964	279.901	279.849	279.806	279.773	279.749	279.733	279.725
278.078	278.213	278.331	278.433	278.521	278.598	278.663	278.719	278.766	278.805	278.836	278.861	278.879	278.891	278.897
284.673	284.049	283.505	283.032	282.623	282.269	281.965	281.707	281.490	281.310	281.165	281.051	280.968	280.913	280.885
287.580	286.622	285.786	285.060	284.430	283.887	283.421	283.024	282.691	282.414	282.191	282.016	281.888	281.804	281.762
287.590	286.630	285.794	285.067	284.436	283.892	283.426	283.029	282.695	282.418	282.194	282.020	281.891	281.807	281.765
288.550	287.480	286.548	285.736	285.034	284.427	283.907	283.464	283.091	282.783	282.533	282.339	282.195	282.101	282.054
283.169	282.718	282.325	281.984	281.687	281.432	281.212	281.026	280.869	280.739	280.634	280.552	280.491	280.452	280.432
286.857	285.982	285.219	284.555	283.980	283.484	283.059	282.697	282.392	282.140	281.936	281.776	281.659	281.582	281.544
289.187	288.044	287.047	286.180	285.429	284.781	284.225	283.752	283.354	283.025	282.758	282.550	282.397	282.296	282.246
284.239	283.665	283.165	282.730	282.353	282.027	281.748	281.511	281.311	281.145	281.011	280.907	280.830	280.779	280.754
283.726	283.211	282.762	282.372	282.034	281.742	281.491	281.278	281.099	280.951	280.830	280.737	280.668	280.622	280.600
286.526	285.689	284.959	284.325	283.775	283.300	282.893	282.547	282.255	282.014	281.819	281.666	281.554	281.481	281.444
285.870	285.108	284.444	283.867	283.367	282.935	282.564	282.249	281.984	281.765	281.587	281.448	281.346	281.279	281.246
289.032	287.906	286.925	286.072	285.333	284.695	284.148	283.682	283.290	282.966	282.703	282.499	282.348	282.249	282.200
290.828	289.496	288.335	287.325	286.450	285.695	285.047	284.496	284.032	283.648	283.338	283.095	282.917	282.799	282.741
293.591	291.942	290.503	289.252	288.168	287.233	286.431	285.748	285.174	284.698	284.313	284.013	283.792	283.647	283.574
288.627	287.549	286.608	285.790	285.082	284.470	283.945	283.499	283.123	282.812	282.561	282.364	282.220	282.125	282.078
289.586	288.397	287.360	286.459	285.678	285.004	284.425	283.933	283.519	283.177	282.899	282.683	282.523	282.419	282.367
288.574	287.501	286.566	285.753	285.048	284.440	283.919	283.475	283.101	282.792	282.542	282.347	282.203	282.108	282.062
284.208	283.637	283.140	282.708	282.333	282.010	281.732	281.496	281.298	281.133	281.000	280.896	280.820	280.770	280.745
284.690	284.064	283.518	283.044	282.633	282.278	281.974	281.715	281.497	281.316	281.171	281.057	280.973	280.918	280.890
279.851	279.782	279.722	279.669	279.624	279.585	279.551	279.522	279.498	279.478	279.462	279.450	279.440	279.434	279.431
282.132	281.801	281.511	281.260	281.042	280.854	280.693	280.556	280.440	280.345	280.268	280.207	280.163	280.134	280.119
286.340	285.525	284.814	284.195	283.659	283.197	282.800	282.463	282.179	281.944	281.753	281.605	281.496	281.424	281.388
290.053	288.810	287.726	286.784	285.968	285.263	284.659	284.145	283.712	283.354	283.064	282.838	282.671	282.562	282.507
288.711	287.623	286.674	285.849	285.134	284.517	283.987	283.537	283.158	282.844	282.590	282.392	282.246	282.150	282.103
283.019	282.585	282.207	281.879	281.594	281.348	281.137	280.958	280.807	280.682	280.581	280.502	280.444	280.405	280.386
281.524	281.263	281.034	280.836	280.664	280.516	280.389	280.280	280.189	280.114	280.053	280.005	279.970	279.947	279.936
283.830	283.303	282.844	282.445	282.098	281.800	281.543	281.325	281.142	280.990	280.867	280.771	280.701	280.654	280.631
283.268	282.806	282.403	282.053	281.749	281.487	281.262	281.071	280.910	280.777	280.669	280.585	280.523	280.482	280.462
284.768	284.134	283.580	283.099	282.682	282.322	282.013	281.750	281.529	281.346	281.198	281.083	280.998	280.942	280.914
288.689	287.603	286.656	285.833	285.120	284.504	283.976	283.527	283.149	282.836	282.582	282.385	282.239	282.144	282.096
290.359	289.081	287.967	286.998	286.158	285.434	284.812	284.284	283.839	283.470	283.172	282.939	282.768	282.656	282.600
292.480	290.958	289.631	288.477	287.477	286.615	285.874	285.245	284.715	284.276	283.921	283.644	283.440	283.306	283.239
293.885	292.201	290.734	289.457	288.351	287.397	286.578	285.881	285.295	284.810	284.417	284.110	283.885	283.737	283.663
291.974	290.510	289.234	288.124	287.162	286.333	285.621	285.015	284.506	284.084	283.742	283.476	283.280	283.151	283.087
287.427	286.486	285.666	284.953	284.335	283.802	283.344	282.955	282.628	282.356	282.137	281.966	281.840	281.757	281.716
289.825	288.608	287.548	286.625	285.826	285.136	284.545	284.041	283.618	283.267	282.983	282.762	282.599	282.492	282.439
293.974	292.280	290.803	289.519	288.406	287.446	286.622	285.921	285.332	284.843	284.448	284.140	283.913	283.764	283.690
293.619	291.966	290.525	289.272	288.186	287.249	286.445	285.761	285.185	284.709	284.323	284.022	283.801	283.655	283.583
289.530	288.347	287.316	286.420	285.643	284.972	284.397	283.908	283.496	283.155	282.879	282.664	282.506	282.401	282.350
287.821	286.835	285.976	285.228	284.580	284.021	283.542	283.134	282.790	282.506	282.276	282.097	281.965	281.878	281.835
287.263	286.341	285.537	284.839	284.233	283.710	283.262	282.881	282.560	282.294	282.079	281.911	281.788	281.706	281.666
284.203	283.633	283.137	282.705	282.330	282.007	281.730	281.494	281.296	281.132	280.999	280.895	280.819	280.768	280.744
286.473	285.642	284.918	284.288	283.742	283.271	282.867	282.523	282.234	281.994	281.800	281.649	281.538	281.464	281.428
288.744	287.652	286.700	285.872	285.154	284.535	284.004	283.552	283.172	282.857	282.602	282.403	282.257	282.160	282.113
290.734	289.413	288.261	287.260	286.392	285.643	285.000	284.453	283.994	283.613	283.305	283.064	282.887	282.771	282.713
292.303	290.801	289.492	288.354	287.367	286.516	285.786	285.164	284.641	284.209	283.858	283.585	283.384	283.251	283.186
293.416	291.786	290.365	289.130	288.059	287.135	286.343	285.669	285.101	284.631	284.251	283.955	283.736	283.593	283.521
293.471	291.835	290.408	289.168	288.093	287.166	286.370	285.693	285.124	284.652	284.271	283.973	283.754	283.609	283.538
294.568	292.806	291.269	289.933	288.776	287.777	286.920	286.190	285.577	285.069	284.658	284.337	284.101	283.946	283.869
294.227	292.504	291.002	289.696	288.564	287.587	286.749	286.036	285.436	284.940	284.538	284.224	283.993	283.841	283.766
294.482	292.729	291.202	289.873	288.722	287.729	286.877	286.152	285.541	285.036	284.628	284.309	284.074	283.919	283.843
297.586	295.477	293.638	292.039	290.653	289.457	288.431	287.558	286.824	286.216	285.724	285.340	285.057	284.871	284.779
300.177	297.770	295.671	293.846	292.264	290.899	289.728	288.732	287.894	287.200	286.639	286.200	285.878	285.666	285.560
297.498	295.398	293.568	291.977	290.598	289.407	288.387	287.518	286.787	286.182	285.692	285.310	285.029	284.844	284.752
296.967	294.929	293.152	291.607	290.268	289.112	288.121	287.278	286.568	285.981	285.505	285.134	284.861	284.681	284.592
295.487	293.619	291.990	290.574	289.347	288.288	287.380	286.607	285.957	285.418	284.983	284.642	284.392	284.228	284.146
293.036	291.450	290.067	288.865	287.823	286.924	286.153	285.496	284.944	284.487	284.117	283.828	283.616	283.476	283.407
293.992	292.296	290.817	289.532	288.417	287.456	286.631	285.929	285.339	284.850	284.455	284.146	283.919	283.769	283.695
293.649	291.993	290.548	289.293	288.204	287.265	286.460	285.774	285.198	284.720	284.334	284.032	283.810	283.664	283.592
292.895	291.325	289.957	288.767	287.735	286.845	286.082	285.433	284.886	284.434	284.067	283.782	283.571	283.433	283.364
293.057	291.469	290.084	288.880	287.836	286.936	286.163	285.506	284.953	284.495	284.125	283.836	283.623	283.483	283.413
295.955	294.033	292.358	290.901	289.638	288.549	287.614	286.819	286.150	285.596	285.148	284.798	284.540	284.371	284.287
298.693	296.456	294.506	292.811	291.341	290.073	288.985	288.060	287.281	286.636	286.115	285.707	285.408	285.211	285.113
296.471	294.490	292.763	291.261	289.960	288.836	287.873	287.053	286.363	285.792	285.330	284.969	284.704	284.529	284.443
295.153	293.324	291.729	290.342	289.140	288.102	287.213	286.456	285.819	285.291	284.865	284.532	284.286	284.125	284.045
292.398	290.886	289.567	288.420	287.427	286.569	285.833	285.208	284.681	284.245	283.892	283.617	283.414	283.281	283.215
288.444	287.386	286.464	285.662	284.967	284.368	283.853	283.416	283.048	282.743	282.496	282.303	282.162	282.068	282.022
288.154	287.130	286.237	285.460	284.787	284.207	283.708	283.285	282.928	282.633	282.394	282.207	282.070	281.980	281.935
288.813	287.713	286.754	285.920	285.197	284.573	284.038	283.583	283.200	282.883	282.626	282.426	282.279	282.182	282.134
292.284	290.785	289.478	288.341	287.356	286.506	285.776	285.156	284.634	284.202	283.852	283.579	283.378	283.246	283.180
294.401	292.658	291.138	289.817	288.672	287.684	286.836	286.115	285.508	285.006	284.599	284.282	284.048	283.895	283.818
292.720	291.171	289.820	288.645	287.627	286.748	285.995	285.354	284.814	284.367	284.006	283.724	283.516	283.380	283.312
292.241	290.747	289.444	288.311	287.329	286.482	285.755	285.136	284.616	284.185	283.837	283.565	283.364	283.233	283.167
292.579	291.046	289.709	288.546	287.539	286.670	285.924	285.289	284.756	284.314	283.956	283.677	283.471	283.336	283.269
295.106	293.282	291.692	290.309	289.110	288.076	287.189	286.434	285.799	285.274	284.848	284.516	284.272	284.111	284.031
287.838	286.850	285.988	285.239	284.590	284.030	283.550	283.141	282.797	282.512	282.282	282.102	281.970	281.883	281.839
286.500	285.666	284.939	284.306	283.758	283.286	282.880	282.535	282.245	282.004	281.810	281.658	281.546	281.472	281.436
286.128	285.336	284.647	284.047	283.527	283.078	282.694	282.366	282.091	281.863	281.678	281.534	281.428	281.358	281.324
286.224	285.422	284.722	284.114	283.587	283.132	282.742	282.410	282.131	281.899	281.712	281.566	281.459	281.388	281.353
288.438	287.381	286.459	285.658	284.963	284.364	283.850	283.413	283.045	282.740	282.494	282.301	282.160	282.067	282.020
291.924	290.466	289.195	288.090	287.132	286.305	285.596	284.993	284.485	284.065	283.725	283.459	283.264	283.135	283.072
292.837	291.274	289.911	288.727	287.700	286.813	286.053	285.406	284.862	284.412	284.047	283.762	283.553	283.415	283.347
295.193	293.359	291.760	290.370	289.165	288.125	287.233	286.474	285.835	285.307	284.879	284.545	284.299	284.138	284.057
295.497	293.628	291.998	290.582	289.354	288.294	287.385	286.612	285.961	285.422	284.986	284.646	284.395	284.231	284.149
291.350	289.958	288.745	287.689	286.775	285.986	285.309	284.733	284.248	283.847	283.522	283.269	283.082	282.959	282.899
291.234	289.856	288.654	287.609	286.703	285.921	285.251	284.680	284.200	283.803	283.481	283.230	283.045	282.924	282.864
291.084	289.723	288.536	287.504	286.609	285.838	285.175	284.612	284.138	283.746	283.428	283.180	282.998	282.878	282.818
293.970	292.277	290.801	289.517	288.404	287.444	286.621	285.920	285.330	284.842	284.447	284.139	283.912	283.763	283.689
296.248	294.293	292.588	291.106	289.821	288.712	287.761	286.952	286.271	285.708	285.251	284.895	284.633	284.461	284.376
296.133	294.191	292.498	291.025	289.749	288.648	287.703	286.900	286.224	285.664	285.211	284.857	284.597	284.426	284.341
291.950	290.489	289.215	288.108	287.148	286.319	285.609	285.004	284.496	284.075	283.734	283.468	283.272	283.143	283.079
290.942	289.597	288.425	287.405	286.521	285.758	285.104	284.548	284.080	283.692	283.378	283.133	282.953	282.834	282.776
293.011	291.428	290.048	288.848	287.808	286.910	286.140	285.485	284.934	284.478	284.109	283.820	283.608	283.469	283.400
290.583	289.279	288.142	287.154	286.297	285.558	284.924	284.385	283.931	283.555	283.251	283.014	282.839	282.724	282.667
287.929	286.930	286.060	285.303	284.647	284.081	283.595	283.182	282.835	282.547	282.314	282.132	281.998	281.911	281.867
288.837	287.735	286.773	285.937	285.212	284.587	284.050	283.594	283.210	282.892	282.635	282.434	282.286	282.189	282.141
292.593	291.058	289.720	288.556	287.548	286.677	285.931	285.296	284.761	284.319	283.961	283.681	283.476	283.340	283.273
291.969	290.506	289.230	288.121	287.160	286.330	285.619	285.013	284.504	284.082	283.741	283.474	283.278	283.149	283.085
290.949	289.603	288.430	287.409	286.525	285.762	285.108	284.551	284.082	283.694	283.380	283.135	282.955	282.836	282.778
291.174	289.802	288.606	287.566	286.665	285.887	285.220	284.653	284.175	283.780	283.460	283.210	283.026	282.905	282.845
294.891	293.092	291.523	290.159	288.977	287.957	287.082	286.337	285.711	285.192	284.772	284.445	284.204	284.045	283.966
296.843	294.819	293.054	291.520	290.190	289.043	288.059	287.221	286.517	285.933	285.461	285.093	284.822	284.643	284.555
294.318	292.585	291.074	289.760	288.621	287.638	286.795	286.077	285.474	284.974	284.570	284.254	284.022	283.869	283.794
293.436	291.804	290.381	289.144	288.072	287.147	286.353	285.678	285.110	284.639	284.258	283.961	283.743	283.599	283.528
293.820	292.144	290.683	289.412	288.311	287.361	286.545	285.852	285.268	284.785	284.394	284.089	283.864	283.717	283.644
296.549	294.559	292.824	291.316	290.008	288.880	287.912	287.088	286.396	285.822	285.358	284.995	284.729	284.553	284.466
294.586	292.822	291.283	289.946	288.787	287.787	286.929	286.199	285.585	285.076	284.664	284.343	284.107	283.951	283.874
294.232	292.509	291.006	289.699	288.567	287.590	286.752	286.038	285.438	284.942	284.540	284.226	283.995	283.843	283.768
298.515	296.298	294.366	292.686	291.230	289.974	288.896	287.979	287.207	286.568	286.052	285.648	285.351	285.156	285.059
300.934	298.439	296.264	294.373	292.734	291.320	290.107	289.075	288.207	287.487	286.906	286.451	286.117	285.897	285.788
301.282	298.747	296.538	294.616	292.951	291.514	290.281	289.233	288.350	287.620	287.028	286.567	286.227	286.004	285.893
300.604	298.147	296.006	294.143	292.529	291.137	289.942	288.926	288.070	287.362	286.789	286.342	286.013	285.796	285.689
297.666	295.547	293.700	292.094	290.702	289.501	288.471	287.594	286.857	286.246	285.752	285.366	285.082	284.896	284.803
296.409	294.435	292.714	291.218	289.921	288.801	287.842	287.025	286.338	285.769	285.308	284.949	284.684	284.510	284.424
301.316	298.778	296.565	294.640	292.973	291.533	290.299	289.248	288.365	287.633	287.041	286.578	286.238	286.015	285.904
303.924	301.085	298.611	296.459	294.594	292.985	291.604	290.430	289.442	288.623	287.961	287.444	287.064	286.814	286.690
299.748	297.390	295.334	293.546	291.997	290.660	289.513	288.538	287.717	287.037	286.487	286.057	285.742	285.534	285.431
297.660	295.542	293.695	292.090	290.698	289.498	288.468	287.591	286.854	286.244	285.750	285.364	285.080	284.894	284.801
299.842	297.473	295.408	293.612	292.056	290.713	289.561	288.580	287.756	287.073	286.520	286.089	285.771	285.563	285.459
299.486	297.158	295.129	293.364	291.834	290.514	289.382	288.419	287.609	286.938	286.395	285.971	285.659	285.454	285.352
293.969	292.276	290.799	289.516	288.403	287.443	286.620	285.919	285.330	284.842	284.447	284.138	283.911	283.762	283.688
294.687	292.911	291.363	290.017	288.850	287.843	286.980	286.245	285.626	285.114	284.700	284.377	284.139	283.982	283.905
301.827	299.229	296.965	294.996	293.290	291.817	290.554	289.480	288.575	287.827	287.221	286.748	286.400	286.171	286.058
302.007	299.389	297.107	295.122	293.402	291.918	290.645	289.561	288.650	287.895	287.285	286.808	286.457	286.226	286.112
298.580	296.357	294.418	292.732	291.271	290.010	288.929	288.009	287.234	286.593	286.075	285.670	285.372	285.176	285.079
292.802	291.243	289.884	288.702	287.678	286.794	286.035	285.390	284.848	284.398	284.035	283.751	283.542	283.404	283.336
288.977	287.858	286.883	286.034	285.299	284.665	284.120	283.657	283.268	282.945	282.684	282.480	282.331	282.232	282.183
291.123	289.757	288.566	287.531	286.633	285.859	285.195	284.629	284.154	283.760	283.442	283.193	283.010	282.890	282.830
294.110	292.400	290.910	289.614	288.491	287.522	286.690	285.983	285.388	284.895	284.496	284.185	283.956	283.805	283.731
291.727	290.291	289.040	287.952	287.009	286.195	285.497	284.903	284.404	283.990	283.655	283.394	283.201	283.075	283.012
291.762	290.323	289.068	287.977	287.031	286.215	285.515	284.919	284.418	284.003	283.667	283.405	283.213	283.086	283.023
293.718	292.054	290.603	289.341	288.247	287.304	286.494	285.805	285.226	284.746	284.358	284.055	283.832	283.685	283.613
294.944	293.138	291.565	290.196	289.010	287.986	287.108	286.361	285.732	285.212	284.791	284.462	284.220	284.061	283.982
293.504	291.864	290.435	289.192	288.114	287.185	286.387	285.709	285.138	284.665	284.283	283.984	283.764	283.620	283.548
294.001	292.304	290.825	289.538	288.423	287.461	286.636	285.934	285.343	284.854	284.458	284.149	283.922	283.772	283.698
294.070	292.365	290.878	289.586	288.466	287.499	286.670	285.965	285.371	284.880	284.482	284.172	283.943	283.793	283.719
293.058	291.470	290.085	288.881	287.837	286.936	286.164	285.506	284.953	284.496	284.125	283.836	283.623	283.483	283.414
294.896	293.096	291.527	290.162	288.980	287.959	287.084	286.339	285.713	285.194	284.774	284.446	284.205	284.046	283.968
297.166	295.105	293.308	291.745	290.391	289.223	288.220	287.368	286.650	286.056	285.575	285.200	284.924	284.742	284.652
291.402	290.004	288.785	287.725	286.807	286.014	285.335	284.756	284.269	283.866	283.540	283.286	283.098	282.975	282.914
286.038	285.257	284.576	283.984	283.471	283.028	282.649	282.325	282.054	281.829	281.646	281.504	281.400	281.331	281.297
286.603	285.758	285.020	284.379	283.823	283.343	282.932	282.582	282.287	282.044	281.846	281.692	281.579	281.504	281.467
289.826	288.610	287.549	286.627	285.827	285.137	284.546	284.042	283.619	283.268	282.984	282.763	282.599	282.492	282.439
289.634	288.439	287.398	286.492	285.707	285.030	284.449	283.955	283.539	283.195	282.916	282.698	282.538	282.433	282.381
294.136	292.423	290.931	289.632	288.507	287.536	286.703	285.995	285.399	284.905	284.506	284.194	283.964	283.813	283.739
290.473	289.182	288.056	287.077	286.229	285.497	284.869	284.335	283.886	283.513	283.212	282.977	282.804	282.690	282.634
287.033	286.138	285.357	284.679	284.090	283.583	283.147	282.777	282.465	282.207	281.998	281.835	281.715	281.636	281.597
288.249	287.213	286.311	285.526	284.846	284.259	283.756	283.327	282.967	282.668	282.427	282.239	282.100	282.009	281.963
290.229	288.966	287.865	286.907	286.078	285.361	284.747	284.225	283.785	283.421	283.126	282.896	282.727	282.616	282.561
296.587	294.593	292.854	291.342	290.031	288.901	287.931	287.106	286.411	285.836	285.371	285.008	284.741	284.565	284.478
293.479	291.842	290.415	289.174	288.099	287.171	286.375	285.697	285.128	284.656	284.274	283.976	283.756	283.612	283.541
291.596	290.175	288.937	287.861	286.927	286.122	285.431	284.844	284.349	283.940	283.609	283.350	283.160	283.035	282.973
294.524	292.767	291.235	289.903	288.748	287.752	286.898	286.171	285.559	285.052	284.643	284.323	284.087	283.932	283.856
290.526	289.229	288.098	287.115	286.262	285.527	284.896	284.359	283.908	283.534	283.231	282.995	282.821	282.707	282.650
286.811	285.942	285.183	284.524	283.952	283.459	283.036	282.676	282.373	282.123	281.920	281.761	281.645	281.568	281.530
290.154	288.900	287.806	286.855	286.031	285.320	284.710	284.191	283.754	283.392	283.100	282.871	282.703	282.593	282.538
290.946	289.600	288.428	287.407	286.523	285.761	285.106	284.549	284.081	283.693	283.379	283.134	282.954	282.836	282.777
294.086	292.379	290.891	289.597	288.476	287.508	286.678	285.972	285.378	284.886	284.488	284.177	283.948	283.798	283.723
291.248	289.868	288.665	287.618	286.711	285.929	285.258	284.686	284.206	283.808	283.486	283.235	283.050	282.928	282.868
286.779	285.913	285.158	284.501	283.932	283.441	283.020	282.661	282.360	282.110	281.908	281.750	281.634	281.558	281.520
286.826	285.955	285.195	284.534	283.961	283.467	283.043	282.683	282.379	282.128	281.925	281.766	281.649	281.573	281.534
286.979	286.090	285.315	284.641	284.057	283.553	283.120	282.752	282.443	282.186	281.979	281.817	281.698	281.620	281.581
287.701	286.729	285.882	285.144	284.506	283.954	283.482	283.079	282.741	282.461	282.234	282.057	281.927	281.841	281.798
289.622	288.429	287.389	286.484	285.700	285.024	284.443	283.950	283.534	283.190	282.912	282.695	282.535	282.430	282.378
294.789	293.002	291.443	290.088	288.913	287.900	287.030	286.291	285.669	285.153	284.736	284.411	284.171	284.014	283.936
294.111	292.401	290.911	289.615	288.491	287.522	286.691	285.983	285.388	284.895	284.497	284.185	283.956	283.806	283.731
293.130	291.533	290.141	288.931	287.882	286.976	286.200	285.539	284.983	284.523	284.151	283.860	283.646	283.505	283.435
290.684	289.369	288.222	287.225	286.361	285.615	284.975	284.431	283.973	283.594	283.287	283.048	282.871	282.755	282.698
286.019	285.240	284.561	283.971	283.459	283.018	282.639	282.317	282.046	281.821	281.640	281.498	281.394	281.325	281.291
283.003	282.571	282.195	281.868	281.584	281.339	281.129	280.950	280.800	280.676	280.575	280.496	280.439	280.401	280.382
281.428	281.178	280.959	280.769	280.605	280.463	280.341	280.237	280.150	280.078	280.019	279.973	279.940	279.918	279.907
280.237	280.123	280.024	279.938	279.864	279.799	279.744	279.697	279.658	279.625	279.598	279.578	279.563	279.553	279.548
284.130	283.569	283.079	282.654	282.285	281.967	281.693	281.461	281.266	281.104	280.973	280.871	280.796	280.746	280.722
289.972	288.739	287.664	286.728	285.918	285.219	284.619	284.108	283.679	283.323	283.036	282.811	282.646	282.537	282.483
283.606	283.105	282.668	282.288	281.959	281.675	281.431	281.224	281.049	280.905	280.788	280.697	280.630	280.585	280.563
279.495	279.467	279.442	279.421	279.402	279.386	279.373	279.361	279.351	279.343	279.336	279.331	279.328	279.325	279.324
280.770	280.595	280.443	280.310	280.195	280.096	280.011	279.939	279.878	279.827	279.787	279.755	279.731	279.716	279.708
280.922	280.730	280.562	280.416	280.290	280.181	280.087	280.008	279.941	279.885	279.840	279.805	279.780	279.763	279.754
280.144	280.041	279.952	279.874	279.806	279.748	279.698	279.655	279.619	279.590	279.566	279.547	279.533	279.524	279.520
284.199	283.629	283.133	282.701	282.327	282.005	281.728	281.492	281.294	281.130	280.997	280.893	280.817	280.767	280.742
284.303	283.721	283.215	282.774	282.392	282.063	281.780	281.539	281.337	281.169	281.034	280.928	280.850	280.799	280.774
286.294	285.484	284.777	284.163	283.631	283.171	282.777	282.442	282.160	281.926	281.737	281.589	281.481	281.409	281.374
287.091	286.189	285.403	284.719	284.126	283.615	283.176	282.803	282.489	282.229	282.018	281.854	281.733	281.654	281.614
283.536	283.043	282.613	282.239	281.915	281.636	281.396	281.192	281.020	280.878	280.763	280.673	280.607	280.564	280.542
281.297	281.061	280.856	280.678	280.523	280.389	280.275	280.177	280.095	280.028	279.973	279.930	279.898	279.877	279.867
284.214	283.643	283.145	282.712	282.337	282.013	281.736	281.499	281.301	281.136	281.003	280.899	280.822	280.772	280.747
289.069	287.939	286.955	286.098	285.356	284.716	284.166	283.699	283.306	282.980	282.717	282.511	282.360	282.260	282.211
289.932	288.703	287.632	286.700	285.893	285.196	284.599	284.090	283.662	283.308	283.021	282.798	282.633	282.525	282.471
290.984	289.635	288.458	287.434	286.547	285.782	285.126	284.567	284.097	283.708	283.393	283.147	282.966	282.847	282.788
292.659	291.116	289.772	288.602	287.589	286.714	285.964	285.326	284.789	284.344	283.984	283.703	283.497	283.361	283.293
290.798	289.469	288.311	287.304	286.431	285.678	285.032	284.482	284.020	283.637	283.327	283.085	282.907	282.790	282.732
289.855	288.635	287.571	286.646	285.845	285.153	284.560	284.055	283.630	283.279	282.994	282.772	282.608	282.501	282.448
288.013	287.005	286.126	285.362	284.699	284.128	283.637	283.220	282.869	282.579	282.344	282.160	282.025	281.936	281.892
287.295	286.369	285.563	284.861	284.253	283.728	283.278	282.895	282.573	282.306	282.090	281.922	281.798	281.716	281.676
285.854	285.094	284.432	283.856	283.357	282.926	282.556	282.242	281.978	281.759	281.581	281.443	281.341	281.274	281.241
279.707	279.655	279.609	279.569	279.534	279.505	279.479	279.457	279.439	279.424	279.411	279.402	279.395	279.390	279.388
280.413	280.279	280.162	280.061	279.973	279.897	279.832	279.777	279.730	279.692	279.660	279.636	279.618	279.606	279.601
281.166	280.945	280.753	280.586	280.441	280.316	280.209	280.118	280.041	279.978	279.926	279.886	279.857	279.837	279.828
280.369	280.240	280.128	280.030	279.946	279.873	279.810	279.757	279.712	279.675	279.645	279.621	279.604	279.593	279.587
281.917	281.610	281.343	281.110	280.909	280.735	280.586	280.459	280.352	280.263	280.192	280.136	280.095	280.068	280.054
283.729	283.213	282.764	282.374	282.035	281.743	281.492	281.279	281.100	280.951	280.831	280.737	280.668	280.623	280.600
284.534	283.926	283.396	282.935	282.536	282.191	281.896	281.644	281.432	281.257	281.115	281.005	280.923	280.870	280.843
282.712	282.314	281.967	281.665	281.403	281.177	280.983	280.819	280.680	280.565	280.472	280.400	280.346	280.311	280.294
278.571	278.649	278.717	278.776	278.828	278.872	278.910	278.942	278.969	278.992	279.010	279.024	279.035	279.042	279.045
276.021	276.393	276.716	276.998	277.242	277.453	277.633	277.787	277.916	278.023	278.110	278.178	278.227	278.260	278.276
277.007	277.265	277.490	277.686	277.855	278.002	278.127	278.234	278.324	278.398	278.458	278.505	278.540	278.562	278.574
281.429	281.179	280.960	280.770	280.605	280.463	280.341	280.237	280.150	280.078	280.019	279.974	279.940	279.918	279.907
282.946	282.521	282.150	281.828	281.549	281.308	281.101	280.925	280.777	280.654	280.555	280.478	280.421	280.383	280.365
279.382	279.367	279.354	279.342	279.332	279.324	279.316	279.310	279.305	279.300	279.297	279.294	279.292	279.291	279.290
279.272	279.269	279.267	279.265	279.263	279.262	279.261	279.260	279.259	279.258	279.258	279.257	279.257	279.257	279.256
278.585	278.662	278.729	278.786	278.837	278.880	278.917	278.949	278.976	278.998	279.015	279.029	279.040	279.046	279.050
281.038	280.832	280.653	280.497	280.362	280.245	280.145	280.060	279.988	279.929	279.881	279.844	279.816	279.798	279.789
283.798	283.275	282.818	282.422	282.078	281.782	281.527	281.311	281.128	280.978	280.856	280.760	280.690	280.644	280.621
283.252	282.792	282.390	282.041	281.739	281.478	281.254	281.063	280.903	280.770	280.663	280.579	280.517	280.477	280.457
282.623	282.235	281.896	281.602	281.347	281.127	280.939	280.778	280.643	280.531	280.441	280.370	280.318	280.284	280.267
281.812	281.517	281.260	281.037	280.843	280.676	280.533	280.411	280.308	280.223	280.155	280.101	280.061	280.035	280.023
282.370	282.011	281.698	281.426	281.190	280.987	280.812	280.664	280.539	280.435	280.352	280.286	280.238	280.207	280.191
283.535	283.042	282.612	282.239	281.915	281.635	281.396	281.192	281.020	280.878	280.763	280.673	280.607	280.564	280.542
284.227	283.654	283.155	282.721	282.345	282.020	281.742	281.505	281.306	281.141	281.007	280.903	280.826	280.776	280.751
285.170	284.489	283.895	283.379	282.931	282.545	282.214	281.932	281.695	281.499	281.340	281.216	281.125	281.065	281.035
283.354	282.882	282.470	282.112	281.802	281.534	281.305	281.110	280.945	280.809	280.699	280.613	280.550	280.508	280.487
280.195	280.087	279.992	279.909	279.838	279.776	279.723	279.678	279.640	279.609	279.584	279.564	279.549	279.540	279.535
280.057	279.964	279.883	279.813	279.752	279.699	279.654	279.616	279.583	279.557	279.535	279.518	279.506	279.497	279.493
277.863	278.023	278.162	278.283	278.388	278.478	278.556	278.622	278.677	278.723	278.760	278.789	278.811	278.825	278.832
274.073	274.668	275.188	275.639	276.030	276.368	276.658	276.904	277.112	277.283	277.422	277.531	277.610	277.663	277.689
273.193	273.890	274.497	275.026	275.483	275.878	276.217	276.506	276.748	276.949	277.112	277.238	277.332	277.393	277.424
276.877	277.150	277.388	277.595	277.774	277.929	278.062	278.175	278.270	278.349	278.412	278.462	278.498	278.523	278.534
275.053	275.536	275.957	276.323	276.640	276.914	277.149	277.348	277.516	277.656	277.768	277.856	277.921	277.963	277.985
276.516	276.831	277.105	277.343	277.550	277.728	277.881	278.011	278.121	278.212	278.285	278.342	278.384	278.412	278.426
273.577	274.230	274.798	275.293	275.722	276.092	276.409	276.680	276.907	277.095	277.247	277.366	277.453	277.511	277.539
273.629	274.276	274.839	275.330	275.754	276.121	276.436	276.703	276.928	277.115	277.265	277.383	277.470	277.527	277.555
272.087	272.911	273.629	274.254	274.796	275.263	275.663	276.004	276.291	276.529	276.721	276.871	276.982	277.054	277.090
275.660	276.073	276.433	276.746	277.017	277.252	277.452	277.623	277.767	277.886	277.983	278.058	278.113	278.149	278.167
274.393	274.952	275.439	275.863	276.230	276.546	276.818	277.049	277.244	277.405	277.535	277.637	277.712	277.761	277.785
270.295	271.325	272.223	273.004	273.681	274.265	274.766	275.192	275.551	275.848	276.088	276.276	276.414	276.505	276.550
276.823	277.102	277.345	277.557	277.741	277.899	278.035	278.150	278.247	278.328	278.393	278.444	278.481	278.506	278.518
274.894	275.395	275.832	276.212	276.541	276.825	277.069	277.276	277.451	277.595	277.712	277.803	277.870	277.914	277.936
276.363	276.695	276.985	277.236	277.455	277.643	277.805	277.942	278.058	278.153	278.231	278.291	278.336	278.365	278.379
277.432	277.641	277.823	277.982	278.119	278.238	278.340	278.426	278.499	278.559	278.608	278.646	278.674	278.693	278.702
281.236	281.007	280.808	280.635	280.485	280.355	280.244	280.150	280.070	280.004	279.951	279.909	279.879	279.859	279.849
283.450	282.967	282.546	282.179	281.862	281.588	281.353	281.153	280.985	280.846	280.733	280.645	280.580	280.538	280.517
277.397	277.610	277.796	277.957	278.097	278.218	278.322	278.410	278.484	278.546	278.596	278.635	278.663	278.682	278.691
279.115	279.131	279.144	279.156	279.166	279.175	279.183	279.189	279.194	279.199	279.202	279.205	279.207	279.209	279.209
278.490	278.578	278.654	278.720	278.778	278.827	278.870	278.906	278.936	278.961	278.982	278.998	279.009	279.017	279.021
284.092	283.535	283.049	282.627	282.261	281.945	281.674	281.444	281.250	281.089	280.960	280.858	280.783	280.734	280.710
279.847	279.778	279.718	279.666	279.621	279.582	279.549	279.520	279.496	279.477	279.461	279.448	279.439	279.433	279.430
279.766	279.707	279.655	279.610	279.571	279.537	279.508	279.484	279.463	279.446	279.432	279.421	279.413	279.408	279.406
276.231	276.578	276.881	277.144	277.372	277.569	277.738	277.882	278.003	278.103	278.184	278.247	278.294	278.324	278.340
276.363	276.695	276.985	277.236	277.455	277.643	277.805	277.942	278.058	278.153	278.231	278.291	278.336	278.365	278.379
275.101	275.578	275.994	276.356	276.670	276.940	277.172	277.370	277.536	277.674	277.785	277.872	277.936	277.978	277.999
274.047	274.645	275.167	275.621	276.014	276.354	276.645	276.892	277.101	277.273	277.413	277.522	277.602	277.655	277.681
272.083	272.907	273.626	274.251	274.793	275.260	275.661	276.002	276.289	276.527	276.719	276.870	276.980	277.053	277.089
271.105	272.042	272.859	273.570	274.185	274.716	275.172	275.560	275.886	276.156	276.375	276.545	276.671	276.753	276.794
271.249	272.170	272.972	273.670	274.275	274.796	275.244	275.625	275.945	276.211	276.425	276.593	276.716	276.797	276.837
273.521	274.180	274.755	275.255	275.688	276.061	276.382	276.654	276.884	277.074	277.227	277.347	277.436	277.494	277.523
275.063	275.545	275.965	276.330	276.646	276.920	277.154	277.353	277.521	277.660	277.772	277.860	277.924	277.967	277.988
273.934	274.545	275.078	275.542	275.944	276.291	276.588	276.841	277.054	277.230	277.373	277.484	277.566	277.620	277.647
276.374	276.705	276.994	277.244	277.462	277.649	277.810	277.947	278.062	278.158	278.235	278.295	278.339	278.368	278.383
279.483	279.456	279.433	279.413	279.395	279.380	279.367	279.356	279.346	279.339	279.332	279.327	279.324	279.321	279.320
279.759	279.701	279.650	279.605	279.567	279.534	279.505	279.481	279.460	279.444	279.430	279.419	279.411	279.406	279.404
279.063	279.085	279.103	279.120	279.134	279.146	279.156	279.165	279.173	279.179	279.184	279.188	279.191	279.193	279.194
274.813	275.324	275.769	276.156	276.491	276.780	277.028	277.240	277.417	277.564	277.684	277.776	277.845	277.890	277.912
277.276	277.503	277.701	277.873	278.022	278.151	278.261	278.355	278.434	278.500	278.553	278.594	278.625	278.645	278.655
277.269	277.497	277.695	277.868	278.018	278.147	278.258	278.352	278.432	278.497	278.551	278.592	278.623	278.643	278.653
276.613	276.917	277.181	277.411	277.610	277.782	277.930	278.055	278.161	278.248	278.319	278.374	278.415	278.442	278.455
278.019	278.161	278.284	278.392	278.485	278.565	278.634	278.692	278.742	278.782	278.816	278.841	278.860	278.873	278.879
278.253	278.367	278.467	278.554	278.630	278.695	278.751	278.798	278.838	278.871	278.898	278.919	278.934	278.944	278.949
279.576	279.539	279.506	279.477	279.453	279.431	279.413	279.398	279.385	279.374	279.365	279.358	279.353	279.350	279.348
280.061	279.967	279.886	279.815	279.754	279.701	279.656	279.617	279.585	279.558	279.536	279.519	279.507	279.498	279.494
278.943	278.978	279.009	279.036	279.059	279.079	279.096	279.111	279.123	279.133	279.142	279.148	279.153	279.156	279.157
274.965	275.458	275.888	276.261	276.585	276.865	277.104	277.308	277.480	277.622	277.737	277.827	277.893	277.936	277.958
277.188	277.426	277.632	277.812	277.968	278.102	278.218	278.316	278.398	278.467	278.522	278.565	278.597	278.618	278.628
274.282	274.854	275.352	275.785	276.161	276.485	276.763	276.999	277.198	277.363	277.496	277.600	277.677	277.727	277.752
279.642	279.597	279.557	279.523	279.494	279.468	279.446	279.427	279.412	279.399	279.388	279.380	279.374	279.370	279.368
274.345	274.909	275.401	275.829	276.199	276.519	276.794	277.027	277.224	277.386	277.518	277.621	277.696	277.746	277.771
278.168	278.292	278.401	278.495	278.577	278.648	278.708	278.760	278.803	278.839	278.868	278.891	278.907	278.918	278.924
277.859	278.019	278.158	278.280	278.385	278.475	278.553	278.620	278.675	278.721	278.759	278.788	278.809	278.823	278.830
273.469	274.134	274.714	275.218	275.655	276.032	276.356	276.631	276.862	277.054	277.209	277.330	277.419	277.478	277.507
272.296	273.096	273.794	274.400	274.926	275.379	275.768	276.099	276.378	276.608	276.795	276.941	277.048	277.118	277.153
275.691	276.100	276.457	276.767	277.037	277.269	277.468	277.637	277.780	277.898	277.993	278.068	278.123	278.159	278.177
278.070	278.206	278.324	278.427	278.516	278.593	278.659	278.715	278.763	278.802	278.834	278.858	278.876	278.888	278.894
279.104	279.121	279.135	279.148	279.159	279.169	279.177	279.184	279.190	279.195	279.198	279.201	279.204	279.205	279.206
274.776	275.291	275.739	276.129	276.468	276.759	277.010	277.223	277.402	277.550	277.670	277.764	277.833	277.878	277.901
276.420	276.745	277.029	277.276	277.490	277.675	277.833	277.968	278.081	278.175	278.251	278.310	278.354	278.382	278.397
278.701	278.764	278.819	278.867	278.909	278.944	278.975	279.001	279.023	279.041	279.056	279.068	279.076	279.082	279.084
276.592	276.898	277.164	277.396	277.597	277.770	277.919	278.046	278.152	278.240	278.311	278.367	278.408	278.435	278.448
272.174	272.988	273.698	274.315	274.850	275.311	275.707	276.044	276.327	276.562	276.752	276.900	277.009	277.081	277.116
269.359	270.497	271.489	272.351	273.099	273.744	274.297	274.768	275.164	275.492	275.758	275.965	276.117	276.218	276.267
267.663	268.996	270.158	271.168	272.044	272.800	273.448	274.000	274.464	274.848	275.159	275.402	275.580	275.698	275.756
274.535	275.077	275.550	275.961	276.318	276.625	276.889	277.113	277.302	277.459	277.585	277.684	277.757	277.804	277.828
275.346	275.795	276.187	276.527	276.822	277.077	277.295	277.481	277.638	277.767	277.872	277.954	278.014	278.053	278.073
271.884	272.732	273.470	274.113	274.670	275.150	275.562	275.913	276.208	276.452	276.650	276.804	276.917	276.992	277.029
274.071	274.666	275.186	275.638	276.029	276.367	276.657	276.903	277.111	277.282	277.421	277.530	277.610	277.662	277.688
274.257	274.832	275.332	275.768	276.145	276.471	276.750	276.988	277.188	277.353	277.487	277.592	277.669	277.719	277.745
274.332	274.898	275.391	275.820	276.192	276.512	276.788	277.022	277.219	277.382	277.514	277.617	277.692	277.742	277.767
276.380	276.710	276.998	277.248	277.465	277.652	277.813	277.950	278.065	278.160	278.237	278.297	278.341	278.370	278.385
273.927	274.539	275.073	275.537	275.940	276.287	276.585	276.838	277.051	277.228	277.371	277.482	277.564	277.618	277.645
272.389	273.179	273.867	274.465	274.984	275.431	275.815	276.141	276.416	276.644	276.828	276.971	277.077	277.147	277.181
271.898	272.744	273.481	274.122	274.678	275.157	275.569	275.919	276.213	276.457	276.654	276.808	276.922	276.996	277.033
272.660	273.418	274.079	274.654	275.152	275.582	275.950	276.264	276.528	276.746	276.923	277.061	277.163	277.230	277.263
277.306	277.530	277.725	277.894	278.041	278.168	278.277	278.369	278.447	278.512	278.564	278.604	278.634	278.654	278.664
278.825	278.874	278.917	278.954	278.986	279.014	279.037	279.058	279.075	279.089	279.100	279.109	279.116	279.120	279.122
278.715	278.776	278.830	278.877	278.917	278.952	278.982	279.007	279.029	279.047	279.061	279.072	279.080	279.086	279.089
279.104	279.121	279.135	279.148	279.159	279.169	279.177	279.184	279.190	279.195	279.198	279.201	279.204	279.205	279.206
275.290	275.745	276.143	276.488	276.787	277.046	277.267	277.456	277.614	277.746	277.852	277.935	277.996	278.036	278.056
275.616	276.034	276.398	276.715	276.990	277.227	277.430	277.603	277.749	277.869	277.967	278.043	278.099	278.136	278.154
276.424	276.749	277.033	277.279	277.493	277.677	277.835	277.970	278.083	278.177	278.252	278.312	278.355	278.384	278.398
278.641	278.711	278.772	278.825	278.871	278.911	278.945	278.974	278.998	279.019	279.035	279.048	279.057	279.063	279.066
280.672	280.508	280.366	280.242	280.134	280.042	279.962	279.894	279.837	279.790	279.752	279.722	279.700	279.686	279.679
278.764	278.820	278.869	278.911	278.948	278.980	279.007	279.030	279.049	279.065	279.079	279.089	279.096	279.101	279.104
277.010	277.267	277.492	277.687	277.857	278.003	278.128	278.235	278.325	278.399	278.459	278.506	278.540	278.563	278.574
276.141	276.499	276.811	277.082	277.317	277.519	277.693	277.841	277.966	278.069	278.152	278.218	278.265	278.297	278.313
279.015	279.042	279.065	279.086	279.104	279.119	279.132	279.143	279.153	279.161	279.167	279.172	279.175	279.178	279.179
278.410	278.507	278.591	278.664	278.728	278.782	278.829	278.869	278.903	278.931	278.953	278.971	278.984	278.992	278.997
277.988	278.133	278.259	278.370	278.465	278.547	278.618	278.678	278.729	278.770	278.804	278.831	278.850	278.863	278.869
278.431	278.526	278.608	278.679	278.741	278.794	278.840	278.879	278.912	278.939	278.961	278.978	278.991	278.999	279.003
278.868	278.912	278.951	278.984	279.013	279.038	279.059	279.077	279.092	279.105	279.115	279.123	279.129	279.133	279.135
278.812	278.862	278.906	278.944	278.978	279.006	279.031	279.051	279.069	279.084	279.095	279.104	279.111	279.116	279.118
279.241	279.242	279.243	279.244	279.244	279.245	279.245	279.246	279.246	279.247	279.247	279.247	279.247	279.247	279.247
280.365	280.237	280.125	280.028	279.943	279.871	279.808	279.755	279.711	279.674	279.644	279.620	279.603	279.592	279.586
281.580	281.312	281.078	280.875	280.699	280.547	280.417	280.306	280.212	280.135	280.073	280.024	279.988	279.964	279.953
276.720	277.011	277.265	277.485	277.676	277.842	277.983	278.104	278.205	278.289	278.357	278.410	278.449	278.474	278.487
273.587	274.239	274.806	275.300	275.728	276.098	276.415	276.684	276.911	277.099	277.251	277.369	277.457	277.514	277.542
276.748	277.036	277.287	277.505	277.694	277.857	277.997	278.116	278.217	278.300	278.367	278.419	278.458	278.483	278.496
278.776	278.830	278.878	278.919	278.955	278.986	279.012	279.035	279.054	279.070	279.083	279.092	279.100	279.105	279.107
278.795	278.847	278.893	278.933	278.967	278.997	279.022	279.044	279.062	279.077	279.089	279.099	279.106	279.110	279.113
278.614	278.687	278.751	278.806	278.854	278.896	278.931	278.962	278.987	279.008	279.025	279.039	279.049	279.055	279.058
280.212	280.102	280.005	279.921	279.848	279.786	279.732	279.686	279.647	279.616	279.590	279.570	279.555	279.545	279.540
277.488	277.691	277.868	278.021	278.155	278.269	278.368	278.452	278.522	278.581	278.628	278.665	278.692	278.710	278.719
277.306	277.530	277.725	277.894	278.041	278.168	278.277	278.369	278.447	278.512	278.564	278.604	278.634	278.654	278.664
282.479	282.107	281.784	281.502	281.258	281.047	280.867	280.713	280.584	280.477	280.390	280.322	280.273	280.240	280.224
282.734	282.333	281.983	281.680	281.416	281.189	280.994	280.828	280.689	280.573	280.480	280.407	280.353	280.318	280.300
278.238	278.354	278.456	278.544	278.621	278.687	278.743	278.791	278.832	278.866	278.893	278.914	278.929	278.940	278.945
278.764	278.820	278.869	278.911	278.948	278.980	279.007	279.030	279.049	279.065	279.079	279.089	279.096	279.101	279.104
283.317	282.849	282.441	282.086	281.779	281.514	281.286	281.093	280.930	280.795	280.686	280.601	280.538	280.497	280.476
280.463	280.323	280.201	280.096	280.004	279.925	279.857	279.799	279.751	279.711	279.678	279.653	279.634	279.622	279.616
279.936	279.857	279.788	279.729	279.677	279.632	279.594	279.561	279.533	279.511	279.492	279.478	279.467	279.460	279.457
276.637	276.938	277.200	277.428	277.625	277.796	277.942	278.066	278.171	278.257	278.327	278.382	278.422	278.449	278.462
275.205	275.670	276.076	276.429	276.734	276.998	277.225	277.417	277.579	277.713	277.822	277.907	277.969	278.010	278.030
278.889	278.930	278.967	278.998	279.025	279.049	279.069	279.086	279.101	279.113	279.122	279.130	279.136	279.139	279.141
279.396	279.379	279.365	279.352	279.341	279.331	279.323	279.316	279.310	279.305	279.302	279.299	279.296	279.295	279.294
278.403	278.501	278.586	278.659	278.723	278.779	278.826	278.866	278.900	278.928	278.951	278.969	278.982	278.990	278.995
280.352	280.225	280.114	280.018	279.935	279.863	279.802	279.749	279.705	279.668	279.639	279.616	279.599	279.588	279.582
279.710	279.657	279.611	279.571	279.536	279.506	279.480	279.458	279.440	279.425	279.412	279.403	279.396	279.391	279.389
280.208	280.098	280.002	279.918	279.846	279.783	279.730	279.684	279.646	279.614	279.588	279.568	279.553	279.544	279.539
277.304	277.528	277.723	277.893	278.040	278.167	278.276	278.368	278.446	278.511	278.563	278.604	278.634	278.653	278.663
276.378	276.708	276.996	277.247	277.464	277.651	277.812	277.949	278.064	278.159	278.236	278.296	278.340	278.369	278.384
278.266	278.380	278.478	278.564	278.638	278.702	278.758	278.804	278.844	278.876	278.903	278.923	278.939	278.948	278.953
283.297	282.832	282.426	282.073	281.767	281.503	281.277	281.084	280.922	280.788	280.679	280.594	280.532	280.491	280.470
282.777	282.372	282.018	281.710	281.444	281.213	281.016	280.848	280.707	280.590	280.495	280.421	280.367	280.331	280.314
281.181	280.959	280.766	280.597	280.451	280.325	280.217	280.125	280.048	279.984	279.932	279.891	279.862	279.842	279.832
276.741	277.029	277.281	277.500	277.690	277.853	277.994	278.113	278.214	278.297	278.364	278.417	278.455	278.481	278.493
277.177	277.416	277.623	277.804	277.961	278.096	278.212	278.311	278.394	278.463	278.518	278.562	278.594	278.615	278.625
277.637	277.822	277.984	278.125	278.247	278.352	278.442	278.519	278.584	278.637	278.680	278.714	278.739	278.755	278.764
280.856	280.672	280.511	280.370	280.249	280.144	280.054	279.978	279.914	279.860	279.817	279.784	279.759	279.742	279.734
282.272	281.924	281.621	281.357	281.129	280.932	280.763	280.619	280.498	280.398	280.317	280.254	280.207	280.176	280.161
283.528	283.036	282.607	282.234	281.910	281.631	281.392	281.188	281.017	280.875	280.760	280.671	280.605	280.561	280.540
283.408	282.930	282.513	282.150	281.836	281.565	281.332	281.134	280.968	280.830	280.718	280.631	280.567	280.525	280.504
279.481	279.454	279.431	279.411	279.394	279.379	279.366	279.355	279.345	279.338	279.332	279.327	279.323	279.321	279.320
277.048	277.302	277.522	277.714	277.881	278.024	278.148	278.252	278.341	278.414	278.473	278.519	278.553	278.575	278.586
281.815	281.520	281.263	281.039	280.845	280.678	280.534	280.412	280.310	280.224	280.156	280.102	280.062	280.036	280.023
284.477	283.876	283.351	282.896	282.501	282.160	281.867	281.618	281.409	281.236	281.095	280.986	280.905	280.852	280.826
281.680	281.400	281.156	280.945	280.761	280.602	280.466	280.351	280.254	280.173	280.108	280.057	280.019	279.995	279.983
281.003	280.801	280.625	280.472	280.340	280.226	280.127	280.044	279.974	279.916	279.869	279.832	279.805	279.787	279.778
285.878	285.116	284.451	283.873	283.372	282.939	282.569	282.253	281.988	281.768	281.590	281.451	281.349	281.282	281.249
286.630	285.781	285.041	284.398	283.840	283.358	282.945	282.594	282.299	282.054	281.856	281.701	281.587	281.513	281.475
284.504	283.899	283.372	282.914	282.517	282.174	281.881	281.630	281.420	281.246	281.105	280.995	280.914	280.861	280.834
278.627	278.699	278.762	278.816	278.863	278.903	278.938	278.968	278.993	279.014	279.030	279.043	279.053	279.059	279.062
276.703	276.996	277.252	277.474	277.666	277.832	277.975	278.096	278.198	278.283	278.351	278.404	278.444	278.469	278.482
277.448	277.655	277.836	277.993	278.129	278.247	278.348	278.433	278.506	278.565	278.614	278.651	278.679	278.697	278.707
275.771	276.171	276.520	276.824	277.086	277.313	277.508	277.674	277.813	277.928	278.022	278.095	278.148	278.183	278.201
275.266	275.725	276.124	276.472	276.773	277.032	277.255	277.445	277.605	277.737	277.844	277.927	277.988	278.029	278.049
276.318	276.655	276.949	277.205	277.427	277.618	277.782	277.921	278.039	278.136	278.215	278.276	278.321	278.351	278.366
280.522	280.375	280.248	280.137	280.041	279.958	279.887	279.826	279.775	279.733	279.699	279.672	279.653	279.640	279.633
281.449	281.196	280.976	280.784	280.618	280.474	280.351	280.246	280.158	280.085	280.026	279.980	279.946	279.924	279.913
284.416	283.822	283.303	282.853	282.462	282.126	281.837	281.591	281.384	281.212	281.074	280.966	280.886	280.834	280.808
287.404	286.466	285.648	284.937	284.321	283.789	283.333	282.944	282.618	282.348	282.129	281.958	281.832	281.750	281.709
289.058	287.930	286.946	286.091	285.350	284.710	284.161	283.694	283.301	282.976	282.713	282.507	282.356	282.257	282.208
285.650	284.914	284.272	283.714	283.230	282.813	282.455	282.150	281.894	281.681	281.510	281.376	281.277	281.212	281.180
286.904	286.023	285.256	284.588	284.010	283.510	283.082	282.718	282.411	282.158	281.952	281.792	281.674	281.596	281.558
287.685	286.715	285.869	285.133	284.496	283.945	283.474	283.072	282.734	282.454	282.228	282.051	281.921	281.836	281.793
287.653	286.686	285.843	285.111	284.475	283.927	283.457	283.057	282.721	282.442	282.217	282.041	281.911	281.826	281.784
291.752	290.314	289.060	287.970	287.025	286.209	285.510	284.915	284.414	284.000	283.664	283.402	283.209	283.083	283.020
290.357	289.079	287.965	286.996	286.157	285.433	284.811	284.282	283.838	283.469	283.171	282.939	282.767	282.655	282.599
287.821	286.835	285.975	285.228	284.580	284.021	283.541	283.133	282.790	282.506	282.276	282.096	281.964	281.877	281.834
284.944	284.289	283.718	283.222	282.791	282.420	282.101	281.830	281.602	281.413	281.260	281.141	281.053	280.996	280.967
281.970	281.657	281.384	281.147	280.941	280.764	280.612	280.482	280.373	280.283	280.210	280.153	280.111	280.084	280.070
282.774	282.369	282.015	281.708	281.442	281.212	281.015	280.847	280.706	280.589	280.494	280.420	280.366	280.330	280.313
284.718	284.089	283.541	283.064	282.650	282.294	281.988	281.728	281.509	281.327	281.181	281.066	280.982	280.926	280.899
285.462	284.748	284.125	283.583	283.113	282.708	282.361	282.065	281.816	281.610	281.443	281.313	281.217	281.154	281.123
282.894	282.475	282.110	281.792	281.516	281.279	281.075	280.901	280.755	280.634	280.537	280.460	280.404	280.367	280.349
280.024	279.935	279.858	279.790	279.731	279.681	279.638	279.601	279.570	279.544	279.523	279.507	279.495	279.487	279.483
277.630	277.816	277.979	278.120	278.242	278.348	278.439	278.516	278.581	278.634	278.678	278.712	278.737	278.753	278.761
277.538	277.735	277.907	278.056	278.185	278.297	278.393	278.474	278.543	278.600	278.646	278.681	278.708	278.725	278.734
277.958	278.106	278.236	278.349	278.446	278.531	278.603	278.664	278.716	278.759	278.794	278.821	278.841	278.854	278.860
279.355	279.343	279.333	279.323	279.315	279.309	279.303	279.298	279.293	279.290	279.287	279.285	279.283	279.282	279.282
281.832	281.535	281.276	281.051	280.856	280.687	280.543	280.420	280.317	280.231	280.162	280.108	280.068	280.042	280.029
286.225	285.422	284.723	284.115	283.587	283.132	282.742	282.410	282.131	281.900	281.712	281.566	281.459	281.388	281.353
283.495	283.007	282.581	282.211	281.890	281.613	281.375	281.173	281.003	280.863	280.749	280.660	280.594	280.551	280.530
280.512	280.367	280.241	280.130	280.035	279.953	279.882	279.822	279.771	279.730	279.696	279.669	279.650	279.637	279.631
281.921	281.613	281.346	281.113	280.911	280.737	280.587	280.460	280.353	280.265	280.193	280.137	280.096	280.069	280.055
282.079	281.754	281.470	281.223	281.009	280.825	280.667	280.532	280.419	280.325	280.249	280.190	280.146	280.117	280.103
281.389	281.143	280.929	280.742	280.580	280.441	280.321	280.219	280.134	280.063	280.005	279.960	279.928	279.906	279.895
282.436	282.070	281.750	281.472	281.231	281.024	280.845	280.694	280.566	280.460	280.375	280.308	280.259	280.227	280.211
281.743	281.456	281.206	280.989	280.800	280.638	280.498	280.380	280.280	280.197	280.130	280.078	280.040	280.014	280.002
285.764	285.014	284.361	283.793	283.301	282.876	282.512	282.201	281.941	281.725	281.550	281.413	281.313	281.247	281.214
288.942	287.827	286.855	286.010	285.277	284.645	284.103	283.641	283.253	282.932	282.672	282.469	282.319	282.221	282.172
292.007	290.539	289.260	288.147	287.183	286.351	285.637	285.030	284.519	284.096	283.754	283.487	283.290	283.161	283.097
291.236	289.857	288.655	287.610	286.704	285.922	285.251	284.681	284.201	283.803	283.482	283.231	283.046	282.924	282.864
290.394	289.112	287.995	287.023	286.180	285.453	284.830	284.299	283.853	283.484	283.185	282.951	282.779	282.666	282.610
285.413	284.704	284.086	283.549	283.083	282.681	282.336	282.043	281.796	281.591	281.426	281.297	281.202	281.139	281.108
285.546	284.822	284.190	283.641	283.165	282.755	282.402	282.103	281.851	281.642	281.473	281.341	281.244	281.180	281.148
289.573	288.385	287.350	286.450	285.669	284.996	284.419	283.927	283.514	283.172	282.895	282.678	282.519	282.415	282.363
285.642	284.907	284.266	283.708	283.225	282.808	282.450	282.146	281.890	281.678	281.507	281.373	281.274	281.210	281.177
288.409	287.355	286.437	285.638	284.946	284.348	283.836	283.400	283.033	282.729	282.484	282.292	282.151	282.058	282.012
290.222	288.960	287.859	286.903	286.073	285.358	284.744	284.221	283.782	283.418	283.124	282.894	282.725	282.614	282.558
286.544	285.705	284.973	284.337	283.786	283.310	282.902	282.555	282.263	282.021	281.825	281.672	281.560	281.486	281.449
284.032	283.482	283.002	282.585	282.224	281.912	281.644	281.417	281.225	281.067	280.938	280.838	280.765	280.716	280.692
287.501	286.551	285.724	285.004	284.381	283.843	283.381	282.988	282.658	282.384	282.163	281.990	281.863	281.779	281.738
292.214	290.723	289.422	288.292	287.312	286.466	285.741	285.124	284.605	284.175	283.827	283.555	283.356	283.224	283.159
293.328	291.709	290.297	289.069	288.005	287.087	286.299	285.629	285.065	284.598	284.220	283.926	283.709	283.566	283.495
297.794	295.660	293.801	292.183	290.782	289.572	288.535	287.652	286.910	286.295	285.797	285.409	285.123	284.935	284.842
295.978	294.054	292.376	290.917	289.653	288.562	287.626	286.830	286.160	285.605	285.156	284.806	284.548	284.378	284.294
295.686	293.796	292.147	290.714	289.471	288.399	287.480	286.697	286.039	285.494	285.053	284.709	284.455	284.289	284.206
299.555	297.220	295.183	293.412	291.877	290.553	289.417	288.450	287.637	286.964	286.419	285.994	285.681	285.475	285.373
291.940	290.480	289.208	288.101	287.142	286.314	285.604	285.000	284.492	284.071	283.730	283.465	283.269	283.140	283.077
292.877	291.309	289.943	288.754	287.724	286.835	286.073	285.424	284.879	284.427	284.061	283.776	283.566	283.428	283.359
289.284	288.130	287.124	286.249	285.490	284.836	284.274	283.797	283.395	283.062	282.793	282.583	282.428	282.326	282.276
290.334	289.059	287.948	286.981	286.143	285.420	284.800	284.272	283.828	283.461	283.163	282.931	282.760	282.648	282.592
295.159	293.329	291.734	290.346	289.144	288.106	287.216	286.459	285.821	285.294	284.867	284.534	284.288	284.127	284.047
294.466	292.716	291.190	289.863	288.712	287.720	286.869	286.144	285.535	285.030	284.622	284.303	284.069	283.915	283.838
292.291	290.791	289.483	288.346	287.360	286.509	285.780	285.159	284.637	284.204	283.854	283.581	283.380	283.248	283.182
291.405	290.007	288.788	287.728	286.809	286.016	285.336	284.758	284.271	283.868	283.541	283.287	283.100	282.976	282.915
294.748	292.965	291.411	290.059	288.888	287.877	287.010	286.272	285.652	285.138	284.722	284.397	284.158	284.001	283.923
296.700	294.693	292.942	291.421	290.102	288.964	287.987	287.157	286.458	285.879	285.411	285.045	284.776	284.599	284.512
289.919	288.692	287.622	286.691	285.885	285.189	284.592	284.084	283.657	283.303	283.017	282.793	282.629	282.521	282.467
293.395	291.767	290.349	289.115	288.046	287.124	286.332	285.659	285.093	284.623	284.244	283.948	283.730	283.586	283.515
297.059	295.010	293.224	291.671	290.325	289.163	288.167	287.319	286.606	286.016	285.538	285.165	284.890	284.710	284.620
297.886	295.742	293.873	292.248	290.839	289.624	288.581	287.694	286.948	286.330	285.830	285.439	285.152	284.963	284.870
293.925	292.237	290.765	289.485	288.376	287.419	286.598	285.899	285.311	284.825	284.431	284.124	283.897	283.749	283.675
292.025	290.556	289.274	288.160	287.195	286.361	285.647	285.039	284.527	284.103	283.760	283.493	283.296	283.166	283.102
292.383	290.873	289.555	288.410	287.417	286.561	285.826	285.201	284.675	284.239	283.887	283.612	283.409	283.276	283.210
295.211	293.375	291.774	290.382	289.176	288.135	287.242	286.482	285.843	285.314	284.885	284.551	284.305	284.143	284.063
297.226	295.158	293.355	291.788	290.429	289.256	288.251	287.395	286.675	286.079	285.597	285.220	284.943	284.761	284.670
300.534	298.086	295.951	294.095	292.486	291.098	289.907	288.894	288.041	287.336	286.765	286.319	285.991	285.775	285.668
300.678	298.213	296.064	294.195	292.575	291.178	289.979	288.959	288.101	287.390	286.815	286.366	286.036	285.819	285.711
291.110	289.745	288.556	287.522	286.625	285.852	285.188	284.624	284.149	283.755	283.437	283.189	283.006	282.886	282.826
290.969	289.620	288.445	287.423	286.537	285.773	285.118	284.560	284.090	283.702	283.387	283.142	282.961	282.842	282.784
295.262	293.420	291.815	290.418	289.208	288.163	287.268	286.505	285.864	285.333	284.903	284.568	284.321	284.159	284.078
300.903	298.412	296.240	294.352	292.715	291.303	290.092	289.061	288.194	287.476	286.895	286.441	286.107	285.888	285.779
294.570	292.807	291.271	289.935	288.777	287.778	286.921	286.191	285.578	285.070	284.659	284.338	284.102	283.946	283.869
289.844	288.626	287.563	286.639	285.838	285.147	284.555	284.050	283.626	283.275	282.990	282.769	282.605	282.498	282.445
286.799	285.931	285.174	284.515	283.945	283.452	283.030	282.671	282.368	282.118	281.915	281.757	281.641	281.564	281.526
288.485	287.423	286.496	285.691	284.993	284.391	283.874	283.434	283.065	282.758	282.511	282.317	282.175	282.081	282.035
291.438	290.036	288.814	287.751	286.830	286.035	285.353	284.773	284.284	283.880	283.553	283.298	283.110	282.987	282.925
289.494	288.315	287.288	286.395	285.620	284.952	284.379	283.892	283.481	283.142	282.867	282.652	282.494	282.390	282.339
287.704	286.731	285.884	285.146	284.507	283.956	283.483	283.080	282.742	282.462	282.235	282.058	281.927	281.842	281.799
286.194	285.395	284.698	284.093	283.568	283.115	282.727	282.396	282.118	281.888	281.702	281.556	281.449	281.379	281.344
286.031	285.251	284.571	283.980	283.467	283.025	282.646	282.323	282.051	281.826	281.644	281.502	281.398	281.329	281.295
287.776	286.795	285.940	285.196	284.552	283.996	283.519	283.113	282.772	282.489	282.260	282.082	281.950	281.864	281.821
291.526	290.114	288.883	287.812	286.884	286.083	285.397	284.812	284.321	283.914	283.584	283.327	283.138	283.013	282.952
291.559	290.143	288.908	287.835	286.904	286.102	285.413	284.827	284.334	283.926	283.596	283.338	283.148	283.023	282.961
291.760	290.321	289.066	287.975	287.029	286.214	285.514	284.918	284.417	284.002	283.667	283.405	283.212	283.085	283.022
289.668	288.469	287.425	286.516	285.729	285.049	284.466	283.970	283.553	283.208	282.928	282.710	282.549	282.444	282.391
288.838	287.735	286.773	285.937	285.212	284.587	284.051	283.594	283.210	282.892	282.635	282.434	282.286	282.189	282.141
289.259	288.108	287.104	286.231	285.475	284.822	284.262	283.785	283.384	283.053	282.784	282.574	282.420	282.319	282.268
290.982	289.633	288.456	287.433	286.546	285.781	285.124	284.566	284.096	283.707	283.392	283.146	282.966	282.847	282.788
293.480	291.843	290.416	289.175	288.099	287.171	286.375	285.698	285.128	284.656	284.274	283.976	283.757	283.612	283.541
294.446	292.698	291.174	289.849	288.700	287.709	286.859	286.135	285.527	285.023	284.615	284.297	284.063	283.909	283.832
295.056	293.238	291.652	290.274	289.079	288.048	287.164	286.412	285.779	285.254	284.830	284.499	284.256	284.095	284.016
293.836	292.158	290.695	289.423	288.321	287.369	286.553	285.859	285.275	284.791	284.400	284.094	283.869	283.721	283.648
293.810	292.135	290.675	289.405	288.305	287.355	286.540	285.847	285.264	284.781	284.391	284.086	283.861	283.714	283.640
297.914	295.767	293.895	292.267	290.857	289.639	288.595	287.707	286.959	286.340	285.839	285.448	285.161	284.972	284.878
302.000	299.383	297.101	295.117	293.398	291.914	290.641	289.558	288.647	287.893	287.282	286.806	286.455	286.224	286.110
302.958	300.230	297.853	295.785	293.993	292.447	291.121	289.992	289.043	288.256	287.620	287.124	286.758	286.518	286.399
298.968	296.699	294.722	293.002	291.512	290.226	289.123	288.184	287.395	286.741	286.212	285.798	285.495	285.295	285.196
297.576	295.467	293.630	292.031	290.646	289.451	288.426	287.553	286.819	286.212	285.720	285.336	285.054	284.868	284.776
298.272	296.084	294.176	292.517	291.079	289.838	288.774	287.869	287.107	286.476	285.966	285.567	285.274	285.081	284.986
296.560	294.569	292.833	291.323	290.015	288.886	287.917	287.093	286.400	285.826	285.362	284.999	284.732	284.557	284.470
295.438	293.576	291.952	290.540	289.317	288.261	287.355	286.585	285.936	285.400	284.965	284.626	284.377	284.213	284.131
293.733	292.066	290.614	289.351	288.256	287.312	286.501	285.812	285.232	284.752	284.363	284.060	283.837	283.690	283.617
292.492	290.969	289.641	288.486	287.485	286.621	285.880	285.250	284.720	284.280	283.925	283.648	283.444	283.309	283.243
292.417	290.903	289.582	288.434	287.438	286.580	285.843	285.216	284.689	284.252	283.899	283.623	283.420	283.287	283.220
291.436	290.034	288.812	287.749	286.828	286.033	285.352	284.772	284.284	283.879	283.552	283.297	283.109	282.986	282.925
291.311	289.924	288.714	287.662	286.751	285.964	285.289	284.715	284.232	283.832	283.508	283.256	283.070	282.948	282.887
293.415	291.785	290.365	289.129	288.059	287.135	286.342	285.668	285.101	284.631	284.251	283.954	283.736	283.592	283.521
292.908	291.337	289.967	288.776	287.744	286.853	286.089	285.439	284.892	284.439	284.072	283.786	283.576	283.437	283.368
293.381	291.755	290.338	289.106	288.037	287.116	286.325	285.653	285.087	284.618	284.239	283.943	283.725	283.582	283.511
291.593	290.173	288.935	287.858	286.925	286.120	285.430	284.842	284.348	283.939	283.608	283.349	283.159	283.034	282.972
293.852	292.172	290.708	289.434	288.331	287.378	286.561	285.866	285.282	284.797	284.405	284.100	283.874	283.726	283.653
296.263	294.306	292.600	291.116	289.830	288.720	287.768	286.959	286.277	285.713	285.257	284.900	284.638	284.466	284.380
294.143	292.430	290.936	289.638	288.512	287.540	286.707	285.998	285.402	284.908	284.508	284.196	283.967	283.816	283.741
292.783	291.226	289.869	288.689	287.666	286.783	286.026	285.382	284.840	284.391	284.028	283.744	283.536	283.399	283.331
288.682	287.597	286.651	285.828	285.115	284.500	283.973	283.524	283.146	282.833	282.580	282.382	282.237	282.141	282.094
288.272	287.234	286.329	285.542	284.860	284.272	283.767	283.338	282.977	282.677	282.435	282.246	282.107	282.016	281.970
290.045	288.803	287.720	286.779	285.963	285.259	284.655	284.141	283.709	283.351	283.061	282.835	282.669	282.559	282.505
290.364	289.085	287.971	287.001	286.161	285.436	284.815	284.286	283.841	283.472	283.174	282.941	282.770	282.657	282.601
293.792	292.119	290.660	289.392	288.293	287.345	286.531	285.839	285.256	284.774	284.384	284.079	283.855	283.708	283.635
293.430	291.799	290.377	289.140	288.068	287.143	286.350	285.675	285.107	284.637	284.256	283.959	283.741	283.597	283.526
290.442	289.155	288.032	287.056	286.210	285.480	284.854	284.321	283.873	283.502	283.202	282.967	282.795	282.681	282.625
289.655	288.458	287.415	286.507	285.721	285.042	284.460	283.965	283.548	283.203	282.924	282.706	282.545	282.440	282.388
289.411	288.242	287.223	286.337	285.569	284.906	284.338	283.854	283.447	283.110	282.837	282.624	282.468	282.365	282.314
291.667	290.239	288.993	287.910	286.972	286.162	285.467	284.876	284.379	283.967	283.634	283.374	283.182	283.057	282.994
293.834	292.156	290.694	289.422	288.319	287.368	286.552	285.858	285.274	284.790	284.399	284.094	283.869	283.721	283.648
296.334	294.369	292.656	291.166	289.874	288.760	287.804	286.991	286.307	285.740	285.282	284.924	284.661	284.487	284.402
299.151	296.862	294.866	293.130	291.626	290.328	289.215	288.267	287.470	286.810	286.276	285.859	285.553	285.351	285.251
300.332	297.907	295.792	293.954	292.360	290.985	289.806	288.802	287.958	287.259	286.693	286.252	285.927	285.713	285.607
297.393	295.306	293.486	291.904	290.533	289.349	288.334	287.471	286.744	286.142	285.656	285.275	284.996	284.812	284.721
297.552	295.447	293.611	292.015	290.632	289.438	288.414	287.543	286.810	286.203	285.712	285.328	285.046	284.861	284.769
294.829	293.037	291.474	290.116	288.938	287.922	287.050	286.309	285.685	285.168	284.750	284.424	284.184	284.026	283.948
295.957	294.035	292.359	290.902	289.639	288.550	287.615	286.820	286.151	285.597	285.148	284.798	284.541	284.372	284.288
298.736	296.494	294.540	292.840	291.368	290.097	289.007	288.079	287.299	286.652	286.130	285.721	285.421	285.224	285.126
293.699	292.037	290.588	289.328	288.236	287.293	286.485	285.797	285.218	284.739	284.351	284.049	283.826	283.680	283.607
287.110	286.206	285.418	284.732	284.138	283.626	283.186	282.812	282.497	282.236	282.025	281.861	281.739	281.660	281.620
288.194	287.165	286.268	285.488	284.812	284.229	283.728	283.302	282.944	282.648	282.408	282.220	282.082	281.992	281.947
290.854	289.519	288.356	287.343	286.466	285.709	285.060	284.508	284.043	283.658	283.347	283.104	282.925	282.807	282.749
288.571	287.499	286.564	285.751	285.046	284.438	283.917	283.473	283.100	282.791	282.541	282.346	282.202	282.107	282.061
286.172	285.376	284.681	284.078	283.555	283.103	282.716	282.386	282.109	281.880	281.694	281.549	281.442	281.372	281.337
286.929	286.046	285.276	284.606	284.025	283.525	283.095	282.729	282.422	282.167	281.961	281.800	281.682	281.604	281.566
286.811	285.941	285.183	284.523	283.952	283.459	283.036	282.676	282.373	282.122	281.919	281.761	281.645	281.568	281.530
287.251	286.330	285.528	284.830	284.225	283.704	283.256	282.875	282.555	282.289	282.075	281.907	281.784	281.703	281.663
286.297	285.486	284.780	284.165	283.632	283.173	282.778	282.443	282.161	281.927	281.738	281.590	281.482	281.410	281.375
287.323	286.394	285.585	284.880	284.270	283.744	283.292	282.908	282.585	282.317	282.100	281.931	281.807	281.725	281.684
291.253	289.872	288.668	287.621	286.714	285.931	285.260	284.689	284.208	283.810	283.488	283.236	283.051	282.930	282.869
290.454	289.165	288.041	287.064	286.217	285.486	284.860	284.326	283.878	283.506	283.205	282.971	282.798	282.685	282.628
284.363	283.775	283.262	282.816	282.429	282.096	281.810	281.567	281.362	281.192	281.055	280.948	280.869	280.817	280.792
287.970	286.967	286.092	285.332	284.673	284.104	283.616	283.201	282.852	282.563	282.329	282.146	282.012	281.923	281.879
286.284	285.475	284.769	284.156	283.624	283.165	282.772	282.437	282.155	281.922	281.733	281.586	281.478	281.406	281.371
283.869	283.338	282.874	282.472	282.122	281.821	281.563	281.343	281.158	281.005	280.881	280.784	280.713	280.666	280.643
284.031	283.481	283.002	282.585	282.223	281.912	281.644	281.416	281.225	281.066	280.938	280.838	280.764	280.716	280.692
282.027	281.708	281.429	281.187	280.977	280.796	280.641	280.508	280.397	280.305	280.231	280.172	280.130	280.101	280.087
282.614	282.227	281.889	281.596	281.342	281.122	280.934	280.774	280.639	280.528	280.438	280.367	280.315	280.281	280.264
285.967	285.195	284.521	283.935	283.427	282.989	282.613	282.294	282.025	281.802	281.622	281.481	281.377	281.309	281.276
290.480	289.188	288.062	287.082	286.233	285.501	284.873	284.338	283.888	283.516	283.215	282.979	282.806	282.693	282.636
288.853	287.748	286.785	285.948	285.222	284.596	284.058	283.601	283.217	282.898	282.641	282.439	282.291	282.194	282.146
291.033	289.678	288.496	287.468	286.578	285.809	285.150	284.589	284.117	283.726	283.410	283.163	282.982	282.862	282.803
287.173	286.261	285.467	284.776	284.177	283.660	283.217	282.840	282.522	282.260	282.047	281.881	281.759	281.679	281.639
288.640	287.560	286.618	285.799	285.089	284.477	283.952	283.505	283.129	282.817	282.565	282.368	282.224	282.129	282.081
288.514	287.448	286.519	285.711	285.011	284.407	283.889	283.448	283.077	282.769	282.521	282.327	282.184	282.090	282.043
287.708	286.735	285.887	285.149	284.510	283.958	283.485	283.082	282.744	282.463	282.236	282.059	281.929	281.843	281.800
287.628	286.664	285.824	285.093	284.460	283.913	283.445	283.046	282.710	282.433	282.208	282.032	281.903	281.818	281.776
287.861	286.870	286.007	285.256	284.605	284.043	283.562	283.152	282.807	282.521	282.290	282.110	281.977	281.890	281.847
286.958	286.071	285.298	284.626	284.043	283.540	283.109	282.742	282.434	282.178	281.971	281.810	281.691	281.613	281.574
281.893	281.589	281.324	281.094	280.894	280.721	280.573	280.448	280.342	280.254	280.183	280.128	280.087	280.060	280.047
282.953	282.527	282.156	281.833	281.553	281.311	281.104	280.928	280.780	280.657	280.557	280.480	280.423	280.385	280.367
281.752	281.464	281.213	280.995	280.806	280.643	280.503	280.384	280.283	280.200	280.133	280.081	280.042	280.017	280.004
281.566	281.300	281.068	280.866	280.690	280.539	280.410	280.300	280.207	280.130	280.068	280.019	279.984	279.960	279.948
278.403	278.501	278.586	278.659	278.723	278.779	278.826	278.866	278.900	278.928	278.951	278.969	278.982	278.990	278.995
278.141	278.268	278.380	278.476	278.560	278.633	278.695	278.747	278.792	278.829	278.858	278.882	278.899	278.910	278.916
283.611	283.109	282.672	282.292	281.962	281.678	281.434	281.226	281.051	280.907	280.790	280.698	280.631	280.587	280.565
284.619	284.001	283.463	282.994	282.589	282.238	281.938	281.683	281.468	281.289	281.145	281.033	280.950	280.896	280.869
283.552	283.057	282.626	282.251	281.925	281.645	281.404	281.199	281.027	280.884	280.769	280.679	280.612	280.569	280.547
287.465	286.520	285.696	284.979	284.358	283.823	283.363	282.972	282.643	282.371	282.150	281.978	281.852	281.768	281.727
290.071	288.826	287.741	286.797	285.979	285.273	284.668	284.153	283.720	283.361	283.070	282.844	282.677	282.567	282.513
291.131	289.764	288.572	287.536	286.638	285.863	285.199	284.633	284.157	283.763	283.445	283.196	283.013	282.892	282.832
292.041	290.569	289.287	288.171	287.204	286.370	285.654	285.046	284.533	284.109	283.766	283.498	283.301	283.171	283.107
291.318	289.930	288.720	287.667	286.755	285.968	285.293	284.718	284.235	283.835	283.511	283.258	283.072	282.950	282.889
286.050	285.267	284.585	283.992	283.478	283.035	282.655	282.331	282.059	281.833	281.651	281.508	281.403	281.334	281.300
287.599	286.639	285.802	285.073	284.442	283.898	283.431	283.033	282.699	282.422	282.198	282.023	281.894	281.810	281.768
285.740	284.994	284.343	283.777	283.286	282.863	282.500	282.191	281.931	281.716	281.542	281.406	281.306	281.240	281.207
284.915	284.263	283.695	283.201	282.773	282.404	282.087	281.817	281.590	281.402	281.250	281.131	281.044	280.987	280.958
287.092	286.190	285.404	284.720	284.127	283.615	283.177	282.803	282.489	282.229	282.019	281.854	281.734	281.654	281.615
287.913	286.916	286.048	285.292	284.637	284.072	283.588	283.175	282.828	282.541	282.309	282.127	281.994	281.906	281.862
284.042	283.491	283.010	282.592	282.230	281.918	281.650	281.421	281.229	281.071	280.942	280.842	280.768	280.719	280.695
285.211	284.525	283.927	283.407	282.957	282.568	282.235	281.951	281.712	281.514	281.354	281.230	281.138	281.077	281.047
285.658	284.921	284.278	283.719	283.235	282.817	282.458	282.153	281.897	281.684	281.512	281.378	281.279	281.214	281.182
286.116	285.326	284.638	284.039	283.520	283.072	282.688	282.361	282.086	281.858	281.674	281.530	281.425	281.355	281.320
288.229	287.196	286.295	285.512	284.834	284.248	283.746	283.318	282.959	282.661	282.420	282.232	282.094	282.003	281.957
284.182	283.614	283.120	282.690	282.317	281.995	281.719	281.485	281.287	281.123	280.991	280.888	280.812	280.762	280.737
280.082	279.986	279.903	279.830	279.767	279.713	279.667	279.627	279.594	279.566	279.544	279.526	279.514	279.505	279.501
276.349	276.683	276.974	277.227	277.446	277.635	277.798	277.936	278.052	278.148	278.226	278.287	278.331	278.361	278.375
273.910	274.524	275.060	275.525	275.929	276.277	276.576	276.830	277.044	277.221	277.365	277.476	277.559	277.613	277.640
273.516	274.175	274.751	275.251	275.684	276.058	276.379	276.652	276.881	277.072	277.225	277.346	277.434	277.492	277.521
274.908	275.408	275.843	276.222	276.550	276.833	277.076	277.283	277.457	277.601	277.717	277.808	277.875	277.919	277.941
283.899	283.364	282.898	282.492	282.141	281.838	281.578	281.356	281.170	281.016	280.891	280.794	280.722	280.675	280.652
285.170	284.489	283.895	283.379	282.931	282.545	282.214	281.932	281.695	281.499	281.340	281.216	281.125	281.065	281.035
283.394	282.917	282.501	282.140	281.827	281.557	281.325	281.127	280.962	280.824	280.713	280.626	280.562	280.520	280.499
281.684	281.404	281.160	280.948	280.764	280.605	280.469	280.353	280.255	280.175	280.109	280.058	280.021	279.996	279.984
280.432	280.296	280.177	280.074	279.985	279.908	279.842	279.786	279.738	279.699	279.667	279.643	279.624	279.612	279.606
279.712	279.659	279.612	279.572	279.537	279.507	279.481	279.459	279.441	279.425	279.413	279.403	279.396	279.392	279.389
278.184	278.306	278.413	278.506	278.587	278.656	278.716	278.767	278.809	278.845	278.873	278.896	278.912	278.923	278.928
278.557	278.637	278.706	278.767	278.819	278.864	278.903	278.936	278.964	278.987	279.005	279.020	279.031	279.038	279.041
274.663	275.190	275.650	276.050	276.397	276.696	276.953	277.171	277.355	277.507	277.630	277.726	277.797	277.844	277.867
273.040	273.755	274.377	274.919	275.388	275.793	276.141	276.436	276.685	276.891	277.058	277.188	277.283	277.346	277.378
276.472	276.791	277.070	277.312	277.522	277.703	277.859	277.991	278.102	278.195	278.269	278.327	278.370	278.398	278.412
275.708	276.115	276.470	276.779	277.047	277.278	277.476	277.645	277.787	277.904	277.999	278.074	278.128	278.164	278.182
276.712	277.004	277.258	277.480	277.672	277.837	277.979	278.100	278.202	278.286	278.354	278.407	278.446	278.472	278.485
278.120	278.250	278.363	278.462	278.547	278.621	278.684	278.738	278.783	278.821	278.851	278.875	278.892	278.904	278.909
276.557	276.867	277.137	277.372	277.575	277.751	277.901	278.030	278.138	278.227	278.299	278.356	278.397	278.424	278.438
274.606	275.140	275.606	276.011	276.362	276.665	276.925	277.146	277.332	277.486	277.610	277.708	277.779	277.826	277.850
278.686	278.751	278.808	278.857	278.899	278.936	278.968	278.995	279.017	279.036	279.051	279.063	279.071	279.077	279.080
278.044	278.183	278.304	278.409	278.500	278.579	278.646	278.704	278.752	278.792	278.824	278.850	278.868	278.880	278.886
276.156	276.512	276.822	277.092	277.326	277.528	277.701	277.848	277.972	278.075	278.158	278.222	278.270	278.301	278.317
278.675	278.741	278.799	278.849	278.892	278.930	278.962	278.989	279.012	279.032	279.047	279.059	279.068	279.074	279.077
278.967	279.000	279.028	279.053	279.074	279.092	279.108	279.122	279.133	279.142	279.150	279.156	279.160	279.163	279.165
279.613	279.572	279.535	279.503	279.476	279.452	279.432	279.415	279.400	279.388	279.378	279.371	279.365	279.361	279.360
277.644	277.828	277.989	278.130	278.251	278.356	278.446	278.522	278.586	278.640	278.683	278.716	278.741	278.758	278.766
277.162	277.403	277.612	277.794	277.952	278.088	278.205	278.304	278.388	278.457	278.513	278.557	278.589	278.610	278.621
278.191	278.313	278.419	278.512	278.592	278.661	278.720	278.770	278.813	278.848	278.876	278.898	278.915	278.925	278.931
279.507	279.477	279.452	279.429	279.410	279.393	279.379	279.366	279.356	279.348	279.341	279.335	279.331	279.329	279.327
282.611	282.225	281.888	281.594	281.340	281.121	280.933	280.773	280.638	280.527	280.437	280.366	280.315	280.280	280.264
276.431	276.755	277.038	277.284	277.497	277.681	277.839	277.973	278.086	278.179	278.255	278.314	278.357	278.386	278.400
272.634	273.395	274.059	274.636	275.136	275.567	275.937	276.252	276.517	276.737	276.914	277.053	277.155	277.222	277.255
273.186	273.884	274.492	275.021	275.479	275.875	276.214	276.503	276.745	276.946	277.109	277.236	277.330	277.391	277.422
275.083	275.562	275.980	276.343	276.658	276.930	277.163	277.362	277.529	277.667	277.779	277.866	277.930	277.972	277.993
276.797	277.079	277.325	277.539	277.724	277.884	278.022	278.138	278.237	278.318	278.384	278.435	278.473	278.498	278.510
275.007	275.495	275.920	276.291	276.611	276.888	277.125	277.327	277.497	277.638	277.752	277.841	277.906	277.949	277.971
278.358	278.461	278.550	278.628	278.695	278.753	278.803	278.846	278.882	278.911	278.935	278.954	278.967	278.977	278.981
276.248	276.593	276.894	277.156	277.383	277.579	277.747	277.890	278.010	278.109	278.190	278.253	278.299	278.330	278.345
280.859	280.674	280.512	280.372	280.250	280.146	280.056	279.979	279.915	279.861	279.818	279.784	279.759	279.743	279.735
281.418	281.169	280.951	280.762	280.598	280.457	280.336	280.232	280.146	280.074	280.015	279.970	279.937	279.915	279.904
279.276	279.273	279.270	279.268	279.266	279.264	279.263	279.262	279.261	279.260	279.259	279.259	279.258	279.258	279.258
274.637	275.167	275.630	276.032	276.381	276.682	276.940	277.160	277.344	277.497	277.621	277.718	277.789	277.836	277.859
274.896	275.397	275.833	276.213	276.542	276.826	277.070	277.277	277.451	277.596	277.713	277.804	277.871	277.915	277.937
274.632	275.163	275.626	276.029	276.378	276.679	276.938	277.158	277.343	277.496	277.620	277.716	277.788	277.834	277.858
273.130	273.834	274.448	274.981	275.444	275.843	276.186	276.477	276.722	276.925	277.089	277.217	277.312	277.374	277.405
275.305	275.758	276.154	276.498	276.796	277.054	277.274	277.462	277.620	277.751	277.857	277.940	278.000	278.040	278.060
277.471	277.676	277.854	278.010	278.144	278.260	278.359	278.444	278.515	278.574	278.622	278.659	278.687	278.705	278.714
277.617	277.805	277.969	278.111	278.235	278.341	278.433	278.510	278.576	278.630	278.674	278.708	278.733	278.750	278.758
280.498	280.354	280.229	280.120	280.026	279.944	279.875	279.815	279.765	279.724	279.690	279.664	279.645	279.632	279.626
279.701	279.649	279.604	279.564	279.530	279.501	279.476	279.454	279.436	279.421	279.409	279.400	279.393	279.388	279.386
278.396	278.495	278.580	278.655	278.719	278.775	278.823	278.863	278.897	278.926	278.949	278.967	278.980	278.988	278.993
278.658	278.726	278.785	278.837	278.882	278.920	278.954	278.982	279.005	279.025	279.041	279.053	279.062	279.068	279.071
278.031	278.171	278.293	278.400	278.492	278.571	278.639	278.698	278.746	278.787	278.820	278.845	278.864	278.876	278.882
275.679	276.090	276.448	276.760	277.029	277.262	277.462	277.632	277.775	277.894	277.989	278.064	278.119	278.155	278.173
279.585	279.547	279.513	279.484	279.458	279.437	279.418	279.402	279.388	279.377	279.368	279.361	279.356	279.353	279.351
278.390	278.489	278.575	278.650	278.715	278.771	278.819	278.860	278.895	278.923	278.946	278.964	278.978	278.986	278.991
277.826	277.990	278.132	278.257	278.364	278.457	278.537	278.605	278.662	278.709	278.747	278.777	278.799	278.813	278.821
276.239	276.585	276.887	277.150	277.377	277.574	277.742	277.885	278.006	278.106	278.187	278.250	278.296	278.327	278.342
274.134	274.722	275.236	275.682	276.068	276.402	276.688	276.932	277.137	277.306	277.444	277.551	277.630	277.682	277.707
276.470	276.789	277.068	277.311	277.521	277.702	277.858	277.990	278.101	278.194	278.268	278.327	278.369	278.398	278.412
276.637	276.938	277.200	277.428	277.625	277.796	277.942	278.066	278.171	278.257	278.327	278.382	278.422	278.449	278.462
276.415	276.741	277.026	277.273	277.487	277.672	277.831	277.966	278.079	278.173	278.249	278.309	278.352	278.381	278.395
277.188	277.426	277.632	277.812	277.968	278.102	278.218	278.316	278.398	278.467	278.522	278.565	278.597	278.618	278.628
270.766	271.742	272.593	273.333	273.974	274.527	275.002	275.406	275.746	276.027	276.255	276.432	276.563	276.649	276.692
270.804	271.776	272.623	273.359	273.998	274.549	275.021	275.423	275.761	276.042	276.268	276.445	276.575	276.661	276.703
277.602	277.791	277.957	278.100	278.225	278.332	278.425	278.503	278.569	278.624	278.668	278.703	278.728	278.745	278.753
276.123	276.483	276.796	277.069	277.305	277.509	277.684	277.833	277.958	278.062	278.146	278.212	278.260	278.291	278.307
273.983	274.589	275.117	275.577	275.975	276.318	276.613	276.864	277.075	277.249	277.391	277.501	277.582	277.635	277.662
276.349	276.683	276.974	277.227	277.446	277.635	277.798	277.936	278.052	278.148	278.226	278.287	278.331	278.361	278.375
274.780	275.295	275.743	276.133	276.470	276.762	277.012	277.225	277.404	277.552	277.672	277.766	277.834	277.880	277.902
280.050	279.958	279.878	279.808	279.748	279.696	279.651	279.613	279.581	279.554	279.533	279.516	279.503	279.495	279.491
282.063	281.740	281.458	281.212	281.000	280.816	280.659	280.525	280.412	280.319	280.243	280.184	280.141	280.112	280.098
281.663	281.385	281.143	280.933	280.750	280.593	280.458	280.343	280.247	280.167	280.102	280.051	280.014	279.990	279.977
276.639	276.940	277.201	277.429	277.626	277.797	277.943	278.067	278.172	278.258	278.328	278.383	278.423	278.450	278.463
276.825	277.104	277.347	277.559	277.742	277.900	278.036	278.151	278.248	278.329	278.394	278.445	278.482	278.507	278.519
276.951	277.215	277.446	277.646	277.820	277.970	278.099	278.208	278.300	278.376	278.438	278.486	278.522	278.545	278.557
280.785	280.609	280.455	280.321	280.205	280.105	280.019	279.946	279.884	279.833	279.792	279.760	279.736	279.721	279.713
285.344	284.643	284.032	283.500	283.040	282.642	282.301	282.011	281.767	281.565	281.402	281.274	281.180	281.118	281.088
277.797	277.965	278.110	278.237	278.347	278.441	278.523	278.592	278.650	278.698	278.737	278.768	278.790	278.805	278.812
277.813	277.979	278.123	278.248	278.357	278.450	278.531	278.599	278.657	278.704	278.743	278.773	278.795	278.810	278.817
277.757	277.929	278.078	278.209	278.321	278.419	278.502	278.573	278.633	278.683	278.723	278.754	278.777	278.792	278.800
274.863	275.368	275.808	276.190	276.522	276.808	277.053	277.262	277.438	277.583	277.701	277.793	277.861	277.905	277.927
271.936	272.778	273.511	274.149	274.702	275.179	275.588	275.936	276.229	276.472	276.668	276.821	276.934	277.008	277.045
273.323	274.005	274.600	275.116	275.564	275.951	276.282	276.565	276.802	276.999	277.158	277.282	277.373	277.433	277.463
276.441	276.764	277.046	277.291	277.503	277.686	277.844	277.977	278.090	278.183	278.258	278.317	278.360	278.389	278.403
275.601	276.021	276.387	276.705	276.981	277.219	277.423	277.597	277.743	277.864	277.962	278.038	278.094	278.131	278.150
270.372	271.393	272.284	273.058	273.729	274.308	274.805	275.227	275.583	275.877	276.116	276.301	276.438	276.528	276.573
273.002	273.721	274.347	274.892	275.364	275.772	276.121	276.419	276.669	276.876	277.044	277.175	277.271	277.335	277.366
272.870	273.604	274.244	274.801	275.283	275.699	276.056	276.359	276.615	276.826	276.998	277.131	277.230	277.294	277.326
276.374	276.705	276.994	277.244	277.462	277.649	277.810	277.947	278.062	278.158	278.235	278.295	278.339	278.368	278.383
277.519	277.718	277.892	278.043	278.174	278.286	278.383	278.466	278.535	278.592	278.639	278.675	278.702	278.719	278.728
276.633	276.934	277.196	277.424	277.622	277.793	277.939	278.064	278.169	278.256	278.326	278.381	278.421	278.448	278.461
278.747	278.805	278.856	278.899	278.937	278.970	278.998	279.022	279.042	279.059	279.073	279.083	279.091	279.096	279.098
283.915	283.379	282.911	282.504	282.151	281.847	281.586	281.364	281.177	281.022	280.897	280.799	280.728	280.680	280.657
284.125	283.564	283.075	282.650	282.282	281.964	281.691	281.459	281.264	281.102	280.971	280.869	280.794	280.744	280.720
280.302	280.181	280.075	279.984	279.904	279.835	279.777	279.727	279.684	279.650	279.621	279.599	279.583	279.572	279.567
280.031	279.941	279.863	279.795	279.736	279.685	279.641	279.604	279.573	279.547	279.526	279.509	279.497	279.489	279.486
277.203	277.439	277.644	277.822	277.977	278.111	278.225	278.323	278.405	278.472	278.527	278.570	278.602	278.623	278.633
275.168	275.637	276.047	276.403	276.711	276.978	277.206	277.400	277.564	277.699	277.809	277.894	277.957	277.998	278.019
276.875	277.148	277.386	277.593	277.773	277.928	278.061	278.174	278.269	278.348	278.411	278.461	278.498	278.522	278.534
277.658	277.841	278.001	278.140	278.260	278.364	278.453	278.529	278.593	278.645	278.688	278.721	278.746	278.762	278.770
276.964	277.227	277.456	277.656	277.829	277.978	278.106	278.214	278.306	278.382	278.443	278.491	278.526	278.549	278.561
282.413	282.049	281.732	281.456	281.217	281.011	280.834	280.683	280.557	280.452	280.367	280.301	280.252	280.220	280.204
279.029	279.055	279.077	279.096	279.113	279.127	279.139	279.150	279.159	279.166	279.172	279.177	279.180	279.182	279.183
276.391	276.720	277.007	277.256	277.472	277.659	277.819	277.955	278.069	278.164	278.241	278.301	278.345	278.374	278.388
276.328	276.664	276.957	277.212	277.433	277.623	277.787	277.926	278.043	278.140	278.218	278.280	278.325	278.354	278.369
274.144	274.731	275.244	275.689	276.075	276.408	276.693	276.937	277.141	277.310	277.447	277.554	277.633	277.685	277.710
276.831	277.109	277.352	277.563	277.745	277.903	278.039	278.154	278.251	278.331	278.396	278.447	278.484	278.508	278.520
278.608	278.682	278.746	278.802	278.851	278.893	278.929	278.959	278.985	279.006	279.023	279.037	279.047	279.053	279.056
286.417	285.593	284.874	284.249	283.707	283.240	282.839	282.498	282.211	281.973	281.781	281.630	281.520	281.447	281.411
281.538	281.275	281.045	280.846	280.673	280.524	280.396	280.287	280.195	280.119	280.058	280.010	279.975	279.951	279.940
279.382	279.367	279.354	279.342	279.332	279.324	279.316	279.310	279.305	279.300	279.297	279.294	279.292	279.291	279.290
278.064	278.200	278.319	278.422	278.512	278.590	278.656	278.712	278.760	278.799	278.831	278.856	278.874	278.886	278.892
277.424	277.634	277.817	277.976	278.114	278.233	278.336	278.423	278.496	278.556	278.605	278.644	278.672	278.690	278.699
278.693	278.757	278.813	278.862	278.904	278.940	278.971	278.998	279.020	279.038	279.053	279.065	279.074	279.079	279.082
281.288	281.053	280.849	280.671	280.517	280.384	280.270	280.173	280.092	280.024	279.969	279.927	279.895	279.875	279.864
279.139	279.152	279.163	279.173	279.181	279.188	279.194	279.200	279.204	279.208	279.211	279.213	279.215	279.216	279.217
277.469	277.674	277.853	278.008	278.143	278.259	278.358	278.443	278.514	278.573	278.621	278.659	278.686	278.704	278.713
280.038	279.947	279.868	279.800	279.740	279.689	279.645	279.607	279.575	279.549	279.528	279.512	279.500	279.492	279.488
275.271	275.728	276.127	276.475	276.775	277.035	277.257	277.447	277.606	277.738	277.845	277.928	277.990	278.030	278.050
275.405	275.848	276.233	276.568	276.859	277.110	277.325	277.508	277.662	277.789	277.893	277.973	278.032	278.071	278.091
276.318	276.655	276.949	277.205	277.427	277.618	277.782	277.921	278.039	278.136	278.215	278.276	278.321	278.351	278.366
279.655	279.609	279.568	279.533	279.502	279.476	279.453	279.434	279.417	279.404	279.393	279.385	279.378	279.374	279.372
278.738	278.797	278.848	278.893	278.932	278.965	278.994	279.018	279.039	279.056	279.069	279.080	279.088	279.093	279.096
279.496	279.467	279.443	279.421	279.403	279.387	279.373	279.361	279.351	279.343	279.337	279.332	279.328	279.325	279.324
277.170	277.410	277.618	277.799	277.957	278.092	278.209	278.308	278.391	278.460	278.516	278.559	278.591	278.612	278.623
274.922	275.420	275.854	276.231	276.558	276.841	277.083	277.289	277.462	277.606	277.722	277.813	277.879	277.923	277.945
277.665	277.847	278.006	278.145	278.264	278.368	278.456	278.532	278.595	278.648	278.690	278.724	278.748	278.764	278.772
276.426	276.751	277.034	277.281	277.494	277.678	277.836	277.971	278.084	278.177	278.253	278.312	278.356	278.384	278.399
276.592	276.898	277.164	277.396	277.597	277.770	277.919	278.046	278.152	278.240	278.311	278.367	278.408	278.435	278.448
279.174	279.183	279.190	279.197	279.203	279.208	279.212	279.216	279.219	279.221	279.223	279.225	279.226	279.227	279.227
280.193	280.085	279.990	279.908	279.836	279.775	279.722	279.677	279.640	279.608	279.583	279.563	279.549	279.539	279.534
279.269	279.267	279.265	279.263	279.262	279.261	279.260	279.259	279.258	279.257	279.257	279.256	279.256	279.256	279.256
283.005	282.573	282.197	281.869	281.585	281.340	281.130	280.952	280.801	280.677	280.576	280.497	280.439	280.401	280.382
282.619	282.232	281.894	281.600	281.345	281.125	280.937	280.777	280.642	280.530	280.440	280.369	280.317	280.283	280.266
278.246	278.361	278.462	278.550	278.626	278.691	278.747	278.795	278.835	278.869	278.895	278.916	278.932	278.942	278.947
274.845	275.352	275.793	276.178	276.511	276.798	277.044	277.254	277.430	277.576	277.695	277.787	277.855	277.900	277.922
279.205	279.211	279.215	279.219	279.222	279.225	279.228	279.230	279.232	279.233	279.234	279.235	279.236	279.236	279.237
280.673	280.509	280.367	280.242	280.135	280.042	279.962	279.895	279.838	279.791	279.752	279.723	279.701	279.686	279.679
281.477	281.221	280.998	280.803	280.635	280.490	280.365	280.259	280.170	280.096	280.036	279.990	279.955	279.933	279.922
282.917	282.495	282.128	281.808	281.531	281.291	281.086	280.912	280.765	280.643	280.545	280.468	280.411	280.374	280.356
283.250	282.790	282.389	282.040	281.737	281.476	281.253	281.062	280.902	280.769	280.662	280.578	280.517	280.476	280.456
279.962	279.880	279.809	279.747	279.693	279.646	279.607	279.573	279.544	279.521	279.501	279.486	279.476	279.468	279.465
275.483	275.917	276.294	276.623	276.908	277.153	277.364	277.543	277.694	277.819	277.920	277.999	278.057	278.095	278.114
272.761	273.507	274.158	274.724	275.214	275.638	276.001	276.310	276.570	276.785	276.959	277.095	277.195	277.261	277.293
272.289	273.090	273.788	274.395	274.921	275.375	275.765	276.096	276.375	276.606	276.792	276.938	277.045	277.116	277.151
273.892	274.508	275.046	275.513	275.918	276.268	276.567	276.822	277.037	277.215	277.358	277.471	277.553	277.607	277.634
274.792	275.305	275.752	276.141	276.478	276.768	277.018	277.230	277.409	277.556	277.676	277.769	277.838	277.883	277.906
276.561	276.871	277.140	277.375	277.578	277.753	277.904	278.032	278.139	278.229	278.301	278.357	278.398	278.426	278.439
281.347	281.106	280.895	280.712	280.554	280.417	280.300	280.200	280.116	280.047	279.990	279.946	279.914	279.893	279.882
279.647	279.601	279.561	279.527	279.497	279.471	279.449	279.430	279.414	279.401	279.390	279.382	279.376	279.372	279.370
274.564	275.103	275.573	275.982	276.336	276.642	276.904	277.127	277.314	277.470	277.596	277.694	277.766	277.813	277.837
270.426	271.441	272.326	273.096	273.763	274.338	274.832	275.252	275.605	275.898	276.135	276.320	276.456	276.545	276.589
272.002	272.836	273.563	274.195	274.743	275.215	275.621	275.966	276.256	276.496	276.691	276.843	276.955	277.028	277.064
274.654	275.183	275.644	276.045	276.392	276.692	276.949	277.168	277.352	277.504	277.627	277.724	277.795	277.841	277.864
279.694	279.643	279.598	279.560	279.526	279.497	279.472	279.451	279.433	279.419	279.407	279.397	279.391	279.386	279.384
278.901	278.941	278.976	279.006	279.033	279.056	279.075	279.092	279.106	279.117	279.127	279.134	279.139	279.143	279.145
278.628	278.699	278.762	278.816	278.863	278.904	278.938	278.968	278.993	279.014	279.030	279.043	279.053	279.059	279.062
282.601	282.216	281.880	281.587	281.334	281.116	280.928	280.768	280.634	280.523	280.433	280.363	280.311	280.277	280.261
286.164	285.368	284.675	284.072	283.549	283.098	282.712	282.383	282.106	281.876	281.691	281.546	281.440	281.369	281.335
285.385	284.679	284.064	283.529	283.065	282.665	282.322	282.030	281.784	281.581	281.416	281.287	281.193	281.131	281.100
287.714	286.740	285.891	285.153	284.513	283.961	283.488	283.085	282.746	282.465	282.238	282.061	281.930	281.845	281.802
285.677	284.938	284.293	283.733	283.247	282.828	282.468	282.162	281.905	281.692	281.519	281.385	281.285	281.220	281.188
280.701	280.534	280.389	280.262	280.152	280.058	279.977	279.907	279.849	279.801	279.762	279.732	279.710	279.695	279.688
280.923	280.731	280.563	280.417	280.291	280.181	280.088	280.008	279.941	279.886	279.841	279.806	279.780	279.763	279.755
286.814	285.944	285.185	284.526	283.954	283.461	283.037	282.677	282.374	282.124	281.921	281.762	281.646	281.569	281.531
279.961	279.879	279.808	279.746	279.692	279.646	279.606	279.572	279.544	279.520	279.501	279.486	279.475	279.468	279.464
277.037	277.292	277.514	277.707	277.874	278.018	278.142	278.248	278.336	278.409	278.469	278.515	278.549	278.572	278.583
280.722	280.552	280.405	280.276	280.165	280.069	279.987	279.917	279.858	279.809	279.770	279.739	279.716	279.701	279.694
283.034	282.599	282.219	281.889	281.603	281.356	281.145	280.965	280.813	280.688	280.586	280.507	280.448	280.410	280.391
282.554	282.174	281.842	281.554	281.304	281.089	280.904	280.747	280.615	280.505	280.416	280.347	280.296	280.263	280.246
283.981	283.437	282.963	282.550	282.192	281.884	281.619	281.394	281.204	281.047	280.920	280.821	280.748	280.700	280.677
281.301	281.065	280.859	280.680	280.525	280.391	280.277	280.179	280.097	280.029	279.974	279.931	279.899	279.879	279.868
281.909	281.603	281.336	281.105	280.904	280.730	280.581	280.455	280.348	280.260	280.189	280.133	280.092	280.065	280.052
283.659	283.152	282.710	282.325	281.992	281.704	281.458	281.248	281.071	280.925	280.807	280.714	280.646	280.602	280.579
285.009	284.347	283.769	283.267	282.831	282.456	282.134	281.859	281.629	281.438	281.283	281.163	281.074	281.016	280.987
286.664	285.811	285.068	284.421	283.861	283.377	282.962	282.609	282.312	282.067	281.868	281.712	281.598	281.523	281.486
286.194	285.395	284.699	284.093	283.568	283.116	282.727	282.396	282.118	281.888	281.702	281.556	281.449	281.379	281.344
283.540	283.046	282.616	282.242	281.918	281.638	281.398	281.194	281.022	280.880	280.765	280.675	280.609	280.565	280.544
283.015	282.582	282.204	281.876	281.591	281.346	281.135	280.956	280.805	280.680	280.579	280.500	280.442	280.404	280.385
285.683	284.943	284.298	283.737	283.251	282.831	282.471	282.165	281.907	281.694	281.521	281.387	281.287	281.222	281.190
286.141	285.348	284.657	284.056	283.535	283.086	282.700	282.372	282.096	281.868	281.683	281.539	281.432	281.363	281.328
285.059	284.391	283.808	283.302	282.863	282.484	282.159	281.882	281.650	281.457	281.301	281.179	281.090	281.031	281.002
283.912	283.376	282.908	282.502	282.149	281.845	281.584	281.363	281.176	281.021	280.896	280.798	280.727	280.679	280.656
283.525	283.033	282.604	282.231	281.908	281.630	281.390	281.187	281.016	280.874	280.759	280.670	280.604	280.560	280.539
280.645	280.485	280.345	280.223	280.118	280.027	279.949	279.882	279.826	279.780	279.743	279.713	279.692	279.678	279.671
282.177	281.840	281.546	281.291	281.070	280.879	280.715	280.576	280.459	280.362	280.283	280.222	280.177	280.147	280.132
281.264	281.032	280.830	280.654	280.502	280.371	280.258	280.162	280.082	280.015	279.961	279.919	279.888	279.867	279.857
279.095	279.113	279.129	279.142	279.154	279.164	279.172	279.180	279.186	279.191	279.195	279.199	279.201	279.203	279.203
281.629	281.355	281.116	280.909	280.729	280.574	280.441	280.328	280.232	280.154	280.090	280.040	280.003	279.979	279.967
283.209	282.753	282.356	282.011	281.712	281.454	281.232	281.044	280.885	280.754	280.648	280.565	280.504	280.464	280.444
285.558	284.832	284.199	283.649	283.172	282.761	282.408	282.108	281.855	281.646	281.477	281.345	281.248	281.184	281.152
288.431	287.375	286.454	285.653	284.959	284.361	283.847	283.410	283.042	282.738	282.491	282.299	282.158	282.065	282.018
289.970	288.737	287.662	286.727	285.917	285.218	284.618	284.107	283.678	283.323	283.035	282.810	282.645	282.536	282.483
279.128	279.142	279.154	279.165	279.174	279.182	279.189	279.195	279.199	279.204	279.207	279.209	279.211	279.213	279.213
277.695	277.874	278.030	278.166	278.283	278.384	278.471	278.545	278.608	278.659	278.701	278.734	278.758	278.773	278.781
281.218	280.992	280.794	280.623	280.474	280.346	280.236	280.142	280.063	279.998	279.945	279.904	279.873	279.853	279.843
280.971	280.773	280.600	280.450	280.320	280.208	280.112	280.030	279.961	279.904	279.858	279.822	279.795	279.778	279.769
280.350	280.223	280.113	280.017	279.934	279.862	279.801	279.748	279.704	279.668	279.638	279.615	279.598	279.587	279.582
283.734	283.218	282.769	282.378	282.039	281.746	281.495	281.282	281.102	280.954	280.833	280.739	280.670	280.625	280.602
284.889	284.240	283.675	283.183	282.757	282.389	282.073	281.805	281.579	281.392	281.241	281.123	281.036	280.979	280.950
287.934	286.935	286.064	285.307	284.650	284.084	283.598	283.185	282.837	282.549	282.316	282.134	282.000	281.912	281.868
288.470	287.409	286.485	285.681	284.984	284.382	283.866	283.428	283.058	282.753	282.505	282.312	282.170	282.076	282.030
288.530	287.463	286.532	285.723	285.021	284.416	283.897	283.455	283.083	282.776	282.526	282.332	282.189	282.095	282.048
288.015	287.007	286.128	285.363	284.701	284.129	283.639	283.222	282.871	282.580	282.345	282.161	282.026	281.937	281.893
290.750	289.427	288.274	287.271	286.401	285.651	285.008	284.461	284.000	283.619	283.310	283.069	282.892	282.775	282.718
287.320	286.392	285.582	284.879	284.269	283.742	283.291	282.907	282.583	282.316	282.099	281.930	281.806	281.724	281.683
284.803	284.164	283.607	283.123	282.703	282.341	282.030	281.766	281.544	281.359	281.210	281.094	281.009	280.952	280.924
285.854	285.094	284.432	283.856	283.357	282.926	282.556	282.242	281.978	281.759	281.581	281.443	281.341	281.274	281.241
286.836	285.963	285.203	284.541	283.968	283.473	283.048	282.687	282.383	282.132	281.928	281.769	281.653	281.576	281.537
289.271	288.118	287.113	286.239	285.482	284.828	284.268	283.791	283.389	283.057	282.788	282.578	282.424	282.322	282.272
287.049	286.152	285.370	284.690	284.100	283.591	283.155	282.784	282.472	282.213	282.004	281.840	281.720	281.641	281.602
287.931	286.932	286.062	285.305	284.648	284.082	283.597	283.183	282.836	282.548	282.315	282.133	281.999	281.911	281.868
287.015	286.121	285.343	284.666	284.079	283.572	283.138	282.768	282.457	282.200	281.991	281.829	281.709	281.630	281.591
288.057	287.044	286.161	285.393	284.727	284.153	283.660	283.241	282.888	282.596	282.359	282.175	282.039	281.950	281.906
289.702	288.500	287.451	286.540	285.750	285.068	284.483	283.986	283.567	283.221	282.940	282.721	282.560	282.454	282.402
292.974	291.395	290.019	288.822	287.785	286.889	286.122	285.468	284.919	284.464	284.095	283.808	283.596	283.457	283.388
292.699	291.152	289.803	288.630	287.614	286.737	285.984	285.344	284.805	284.359	283.998	283.717	283.509	283.373	283.305
290.156	288.901	287.807	286.856	286.032	285.321	284.711	284.191	283.755	283.393	283.100	282.872	282.704	282.593	282.538
285.123	284.447	283.858	283.346	282.902	282.519	282.191	281.911	281.676	281.481	281.324	281.200	281.110	281.050	281.021
284.262	283.686	283.183	282.746	282.367	282.040	281.760	281.521	281.320	281.154	281.020	280.915	280.837	280.787	280.761
287.158	286.248	285.455	284.765	284.167	283.652	283.209	282.833	282.516	282.254	282.042	281.876	281.754	281.674	281.634
289.964	288.731	287.657	286.722	285.913	285.214	284.614	284.104	283.675	283.320	283.033	282.808	282.643	282.534	282.481
289.829	288.612	287.551	286.628	285.829	285.139	284.547	284.043	283.620	283.269	282.985	282.763	282.600	282.493	282.440
290.418	289.133	288.013	287.039	286.195	285.467	284.842	284.310	283.863	283.493	283.193	282.959	282.787	282.674	282.618
289.241	288.092	287.090	286.218	285.463	284.811	284.253	283.777	283.377	283.045	282.777	282.568	282.414	282.313	282.263
293.045	291.458	290.074	288.871	287.829	286.929	286.157	285.501	284.948	284.491	284.120	283.831	283.619	283.479	283.410
294.574	292.812	291.275	289.938	288.780	287.780	286.923	286.194	285.580	285.072	284.660	284.339	284.103	283.948	283.871
293.508	291.868	290.438	289.194	288.117	287.187	286.389	285.710	285.139	284.666	284.284	283.985	283.765	283.621	283.549
292.910	291.339	289.969	288.778	287.745	286.854	286.090	285.440	284.893	284.439	284.073	283.787	283.576	283.438	283.369
293.595	291.945	290.506	289.255	288.171	287.235	286.433	285.750	285.175	284.700	284.315	284.014	283.793	283.648	283.576
295.495	293.626	291.997	290.580	289.352	288.293	287.384	286.611	285.960	285.421	284.985	284.645	284.395	284.230	284.148
294.047	292.345	290.861	289.570	288.452	287.487	286.659	285.955	285.362	284.871	284.474	284.164	283.936	283.786	283.712
291.083	289.722	288.535	287.503	286.609	285.837	285.175	284.612	284.138	283.745	283.428	283.180	282.997	282.878	282.818
291.958	290.496	289.222	288.114	287.153	286.324	285.613	285.008	284.499	284.078	283.737	283.471	283.275	283.146	283.082
292.287	290.787	289.480	288.343	287.357	286.507	285.778	285.157	284.635	284.203	283.853	283.580	283.379	283.247	283.181
292.204	290.714	289.415	288.285	287.306	286.461	285.736	285.119	284.601	284.171	283.823	283.552	283.352	283.221	283.156
291.669	290.241	288.995	287.912	286.973	286.163	285.468	284.877	284.380	283.968	283.635	283.375	283.183	283.057	282.995
292.629	291.090	289.748	288.581	287.570	286.697	285.949	285.312	284.776	284.332	283.973	283.693	283.487	283.351	283.284
295.120	293.295	291.703	290.319	289.119	288.084	287.196	286.441	285.805	285.279	284.853	284.521	284.276	284.115	284.035
297.062	295.013	293.227	291.673	290.327	289.165	288.169	287.321	286.607	286.017	285.539	285.166	284.891	284.711	284.621
297.738	295.611	293.757	292.144	290.747	289.541	288.507	287.627	286.886	286.273	285.777	285.390	285.105	284.918	284.825
292.799	291.240	289.881	288.700	287.676	286.792	286.034	285.389	284.846	284.397	284.034	283.750	283.541	283.404	283.335
290.245	288.980	287.877	286.918	286.087	285.370	284.755	284.232	283.792	283.427	283.132	282.902	282.732	282.621	282.565
289.416	288.247	287.227	286.341	285.572	284.909	284.340	283.856	283.449	283.112	282.839	282.626	282.470	282.367	282.316
291.605	290.184	288.945	287.867	286.933	286.127	285.436	284.848	284.353	283.944	283.612	283.353	283.163	283.038	282.975
291.611	290.189	288.949	287.871	286.937	286.131	285.439	284.851	284.356	283.946	283.614	283.355	283.165	283.039	282.977
291.051	289.694	288.510	287.481	286.589	285.819	285.159	284.597	284.125	283.733	283.417	283.169	282.987	282.868	282.809
292.480	290.958	289.632	288.478	287.478	286.615	285.875	285.245	284.715	284.276	283.921	283.644	283.440	283.306	283.239
295.539	293.665	292.032	290.611	289.380	288.317	287.406	286.631	285.978	285.438	285.001	284.660	284.409	284.244	284.162
288.646	287.565	286.623	285.804	285.093	284.481	283.955	283.508	283.131	282.820	282.567	282.371	282.226	282.131	282.083
287.516	286.565	285.736	285.015	284.390	283.851	283.389	282.995	282.664	282.390	282.168	281.995	281.868	281.784	281.742
287.483	286.536	285.711	284.993	284.370	283.833	283.373	282.981	282.651	282.378	282.157	281.984	281.858	281.774	281.733
290.362	289.084	287.969	287.000	286.160	285.435	284.814	284.285	283.840	283.471	283.173	282.940	282.769	282.656	282.601
289.822	288.606	287.545	286.623	285.824	285.135	284.543	284.040	283.617	283.266	282.982	282.761	282.598	282.491	282.438
286.358	285.540	284.827	284.207	283.670	283.207	282.809	282.471	282.186	281.950	281.759	281.611	281.501	281.429	281.393
287.315	286.387	285.578	284.875	284.265	283.739	283.288	282.904	282.581	282.314	282.097	281.928	281.804	281.722	281.682
290.405	289.122	288.003	287.030	286.187	285.459	284.835	284.304	283.858	283.488	283.188	282.955	282.783	282.670	282.614
292.931	291.357	289.985	288.792	287.758	286.865	286.100	285.449	284.901	284.447	284.080	283.794	283.583	283.444	283.375
289.078	287.947	286.962	286.105	285.362	284.721	284.171	283.703	283.310	282.984	282.720	282.514	282.362	282.263	282.213
289.583	288.394	287.358	286.457	285.676	285.002	284.424	283.932	283.518	283.175	282.898	282.682	282.522	282.418	282.366
291.684	290.254	289.007	287.922	286.982	286.171	285.476	284.884	284.386	283.974	283.640	283.379	283.188	283.062	282.999
293.117	291.521	290.131	288.921	287.873	286.969	286.193	285.533	284.978	284.518	284.146	283.855	283.642	283.501	283.431
296.113	294.173	292.482	291.011	289.736	288.637	287.693	286.891	286.215	285.656	285.203	284.850	284.590	284.419	284.335
290.888	289.549	288.382	287.367	286.487	285.728	285.077	284.523	284.057	283.671	283.359	283.115	282.936	282.818	282.759
288.848	287.744	286.781	285.944	285.219	284.593	284.056	283.599	283.215	282.896	282.639	282.438	282.290	282.192	282.144
288.225	287.192	286.292	285.509	284.831	284.246	283.744	283.316	282.957	282.659	282.419	282.231	282.092	282.001	281.956
290.761	289.437	288.282	287.278	286.408	285.658	285.014	284.466	284.005	283.623	283.314	283.073	282.895	282.779	282.721
292.738	291.186	289.834	288.657	287.638	286.758	286.003	285.361	284.821	284.374	284.012	283.729	283.522	283.385	283.317
293.523	291.881	290.450	289.205	288.126	287.195	286.397	285.717	285.146	284.672	284.289	283.990	283.770	283.626	283.554
292.385	290.874	289.557	288.411	287.418	286.562	285.827	285.202	284.676	284.240	283.887	283.612	283.410	283.277	283.211
291.585	290.166	288.929	287.853	286.921	286.116	285.426	284.839	284.345	283.936	283.605	283.346	283.156	283.031	282.969
293.401	291.773	290.354	289.120	288.050	287.127	286.336	285.662	285.095	284.626	284.246	283.950	283.732	283.588	283.517
289.830	288.613	287.552	286.629	285.829	285.139	284.547	284.044	283.620	283.269	282.985	282.764	282.601	282.493	282.440
288.755	287.661	286.708	285.879	285.161	284.541	284.009	283.557	283.176	282.861	282.606	282.407	282.260	282.164	282.116
293.162	291.562	290.167	288.953	287.902	286.994	286.216	285.554	284.997	284.535	284.162	283.870	283.656	283.515	283.445
297.120	295.064	293.272	291.713	290.363	289.197	288.197	287.347	286.631	286.039	285.559	285.185	284.909	284.728	284.638
293.682	292.022	290.575	289.316	288.225	287.284	286.476	285.789	285.211	284.733	284.345	284.043	283.821	283.674	283.602
290.600	289.294	288.156	287.166	286.308	285.568	284.933	284.393	283.938	283.562	283.257	283.020	282.845	282.730	282.673
289.530	288.347	287.316	286.420	285.643	284.972	284.397	283.908	283.496	283.155	282.879	282.664	282.506	282.401	282.350
292.372	290.863	289.547	288.402	287.410	286.554	285.820	285.196	284.670	284.235	283.883	283.608	283.406	283.273	283.207
297.134	295.077	293.283	291.723	290.372	289.205	288.205	287.353	286.637	286.044	285.564	285.189	284.914	284.733	284.643
298.950	296.684	294.708	292.990	291.501	290.216	289.114	288.176	287.387	286.734	286.205	285.793	285.489	285.289	285.190
301.986	299.370	297.090	295.107	293.389	291.906	290.634	289.552	288.641	287.887	287.277	286.801	286.450	286.220	286.106
301.817	299.221	296.958	294.990	293.284	291.812	290.550	289.475	288.572	287.823	287.218	286.745	286.397	286.168	286.055
300.364	297.935	295.818	293.976	292.380	291.003	289.822	288.817	287.971	287.271	286.705	286.262	285.937	285.723	285.617
300.899	298.408	296.237	294.349	292.713	291.301	290.090	289.059	288.192	287.474	286.893	286.440	286.106	285.887	285.778
300.943	298.447	296.272	294.380	292.740	291.325	290.112	289.079	288.210	287.491	286.909	286.454	286.120	285.900	285.791
297.454	295.359	293.534	291.946	290.570	289.383	288.365	287.498	286.769	286.165	285.677	285.296	285.015	284.831	284.739
297.552	295.447	293.611	292.015	290.632	289.438	288.414	287.543	286.810	286.203	285.712	285.328	285.046	284.861	284.769
298.498	296.284	294.353	292.675	291.220	289.964	288.888	287.971	287.201	286.562	286.046	285.642	285.346	285.151	285.054
298.049	295.886	294.001	292.361	290.940	289.714	288.663	287.768	287.015	286.392	285.887	285.493	285.204	285.013	284.919
297.021	294.977	293.195	291.645	290.302	289.142	288.148	287.302	286.591	286.001	285.524	285.152	284.878	284.698	284.609
293.956	292.264	290.789	289.507	288.395	287.436	286.613	285.913	285.324	284.837	284.442	284.134	283.907	283.758	283.684
293.355	291.732	290.317	289.087	288.021	287.101	286.312	285.641	285.076	284.608	284.230	283.934	283.717	283.574	283.503
297.189	295.125	293.326	291.762	290.406	289.236	288.232	287.378	286.660	286.065	285.584	285.208	284.931	284.749	284.659
298.973	296.704	294.726	293.006	291.515	290.229	289.125	288.187	287.397	286.743	286.213	285.800	285.496	285.296	285.197
296.460	294.481	292.755	291.254	289.953	288.830	287.867	287.048	286.359	285.788	285.326	284.966	284.700	284.526	284.440
292.433	290.916	289.594	288.444	287.448	286.588	285.851	285.223	284.695	284.258	283.904	283.628	283.425	283.291	283.225
289.679	288.479	287.433	286.524	285.736	285.055	284.472	283.975	283.558	283.212	282.932	282.714	282.553	282.447	282.395
289.323	288.164	287.154	286.275	285.514	284.857	284.294	283.814	283.411	283.077	282.806	282.595	282.440	282.338	282.287
290.033	288.793	287.712	286.771	285.956	285.253	284.649	284.136	283.704	283.347	283.057	282.831	282.665	282.556	282.502
288.845	287.741	286.779	285.942	285.217	284.591	284.054	283.598	283.213	282.895	282.638	282.437	282.289	282.191	282.143
290.228	288.965	287.864	286.907	286.077	285.361	284.747	284.224	283.784	283.420	283.126	282.896	282.727	282.615	282.560
289.140	288.002	287.010	286.148	285.400	284.755	284.202	283.731	283.335	283.007	282.742	282.534	282.382	282.282	282.232
290.714	289.395	288.245	287.245	286.379	285.631	284.990	284.444	283.985	283.605	283.297	283.057	282.880	282.764	282.707
289.745	288.538	287.485	286.570	285.777	285.092	284.505	284.005	283.585	283.237	282.955	282.735	282.574	282.467	282.415
289.662	288.465	287.420	286.512	285.725	285.046	284.464	283.968	283.551	283.206	282.926	282.708	282.548	282.442	282.390
287.314	286.386	285.577	284.874	284.265	283.739	283.288	282.904	282.581	282.313	282.097	281.928	281.804	281.722	281.682
287.669	286.701	285.856	285.122	284.486	283.937	283.466	283.065	282.728	282.448	282.222	282.046	281.916	281.831	281.789
291.519	290.108	288.877	287.807	286.880	286.080	285.393	284.809	284.318	283.911	283.582	283.325	283.136	283.011	282.950
287.798	286.814	285.957	285.212	284.565	284.008	283.530	283.123	282.781	282.497	282.268	282.089	281.957	281.870	281.827
285.941	285.172	284.501	283.917	283.411	282.975	282.600	282.282	282.014	281.792	281.612	281.472	281.369	281.301	281.268
286.798	285.930	285.173	284.515	283.944	283.452	283.029	282.670	282.368	282.118	281.915	281.757	281.641	281.564	281.526
289.012	287.889	286.910	286.059	285.321	284.684	284.138	283.673	283.282	282.959	282.697	282.492	282.342	282.243	282.194
292.152	290.668	289.374	288.248	287.273	286.432	285.710	285.096	284.579	284.151	283.805	283.535	283.336	283.205	283.140
286.831	285.959	285.198	284.537	283.964	283.470	283.046	282.685	282.381	282.130	281.926	281.768	281.651	281.574	281.536
287.469	286.523	285.699	284.982	284.361	283.825	283.365	282.974	282.645	282.372	282.152	281.979	281.853	281.770	281.728
288.576	287.503	286.567	285.754	285.049	284.441	283.919	283.475	283.102	282.793	282.542	282.347	282.203	282.109	282.062
288.976	287.857	286.882	286.034	285.299	284.664	284.120	283.657	283.268	282.945	282.684	282.480	282.330	282.232	282.183
293.911	292.225	290.754	289.476	288.367	287.411	286.591	285.893	285.306	284.820	284.426	284.119	283.893	283.745	283.671
296.205	294.255	292.554	291.076	289.794	288.688	287.740	286.933	286.254	285.691	285.236	284.881	284.620	284.448	284.363
293.966	292.274	290.798	289.514	288.402	287.442	286.619	285.918	285.329	284.841	284.446	284.137	283.911	283.762	283.688
285.975	285.201	284.527	283.940	283.432	282.993	282.617	282.297	282.028	281.805	281.624	281.483	281.380	281.312	281.278
285.031	284.366	283.786	283.282	282.845	282.468	282.144	281.869	281.638	281.446	281.291	281.170	281.081	281.022	280.993
287.186	286.273	285.477	284.785	284.185	283.668	283.224	282.846	282.528	282.265	282.052	281.886	281.763	281.683	281.643
288.052	287.040	286.157	285.389	284.724	284.150	283.657	283.238	282.886	282.594	282.358	282.173	282.038	281.948	281.904
288.972	287.854	286.879	286.031	285.296	284.662	284.118	283.655	283.266	282.943	282.683	282.479	282.329	282.230	282.182
290.214	288.953	287.853	286.897	286.068	285.353	284.740	284.218	283.779	283.415	283.121	282.891	282.722	282.611	282.556
289.796	288.583	287.526	286.606	285.809	285.121	284.531	284.029	283.606	283.257	282.974	282.753	282.590	282.483	282.430
288.320	287.276	286.367	285.576	284.890	284.299	283.791	283.360	282.996	282.696	282.452	282.262	282.122	282.030	281.985
286.038	285.257	284.577	283.985	283.471	283.029	282.649	282.326	282.054	281.829	281.647	281.504	281.400	281.331	281.297
282.477	282.105	281.782	281.500	281.257	281.046	280.866	280.712	280.583	280.476	280.389	280.322	280.272	280.239	280.223
282.873	282.456	282.093	281.777	281.503	281.267	281.064	280.892	280.746	280.626	280.529	280.453	280.397	280.361	280.342
284.917	284.265	283.697	283.203	282.774	282.405	282.088	281.818	281.591	281.403	281.251	281.132	281.045	280.987	280.959
283.977	283.433	282.959	282.547	282.189	281.881	281.617	281.392	281.202	281.046	280.919	280.820	280.747	280.699	280.675
285.054	284.387	283.805	283.298	282.860	282.481	282.156	281.880	281.648	281.455	281.299	281.178	281.088	281.029	281.000
285.772	285.021	284.367	283.799	283.306	282.880	282.515	282.205	281.944	281.727	281.553	281.416	281.315	281.249	281.216
287.135	286.228	285.437	284.750	284.154	283.639	283.198	282.823	282.507	282.246	282.034	281.869	281.747	281.667	281.628
290.336	289.060	287.949	286.982	286.144	285.421	284.801	284.273	283.829	283.461	283.164	282.932	282.761	282.648	282.593
284.597	283.982	283.446	282.979	282.575	282.226	281.927	281.673	281.459	281.281	281.138	281.026	280.943	280.889	280.862
284.658	284.036	283.494	283.022	282.613	282.260	281.958	281.700	281.484	281.305	281.159	281.046	280.963	280.908	280.881
283.597	283.097	282.661	282.282	281.954	281.670	281.427	281.220	281.046	280.902	280.785	280.694	280.627	280.583	280.561
284.734	284.103	283.553	283.075	282.660	282.303	281.996	281.735	281.515	281.333	281.186	281.071	280.987	280.931	280.904
284.691	284.065	283.519	283.045	282.634	282.279	281.974	281.715	281.497	281.317	281.171	281.057	280.973	280.918	280.891
285.833	285.076	284.416	283.842	283.344	282.915	282.546	282.233	281.969	281.751	281.574	281.436	281.335	281.268	281.235
282.344	281.988	281.678	281.408	281.174	280.972	280.799	280.652	280.528	280.425	280.342	280.278	280.230	280.199	280.183
281.292	281.057	280.853	280.674	280.520	280.387	280.273	280.175	280.094	280.026	279.971	279.928	279.897	279.876	279.866
282.472	282.101	281.778	281.497	281.254	281.044	280.863	280.710	280.581	280.474	280.388	280.320	280.270	280.238	280.222
282.611	282.225	281.888	281.594	281.340	281.121	280.933	280.773	280.638	280.527	280.437	280.366	280.315	280.280	280.264
282.113	281.784	281.497	281.247	281.031	280.844	280.684	280.547	280.433	280.338	280.261	280.201	280.157	280.128	280.113
281.932	281.623	281.354	281.121	280.918	280.743	280.593	280.465	280.358	280.269	280.197	280.141	280.099	280.072	280.059
282.233	281.890	281.591	281.331	281.105	280.911	280.744	280.602	280.482	280.383	280.303	280.241	280.195	280.165	280.150
280.491	280.348	280.224	280.115	280.022	279.941	279.871	279.812	279.763	279.721	279.688	279.662	279.643	279.630	279.624
280.302	280.181	280.075	279.984	279.904	279.835	279.777	279.727	279.684	279.650	279.621	279.599	279.583	279.572	279.567
281.597	281.327	281.092	280.887	280.709	280.556	280.425	280.313	280.219	280.142	280.079	280.029	279.993	279.969	279.958
281.099	280.886	280.701	280.539	280.400	280.279	280.176	280.088	280.014	279.952	279.903	279.864	279.835	279.817	279.807
285.116	284.441	283.853	283.341	282.898	282.515	282.187	281.908	281.673	281.478	281.321	281.198	281.108	281.048	281.019
289.196	288.052	287.054	286.187	285.435	284.786	284.230	283.756	283.358	283.028	282.761	282.553	282.400	282.299	282.249
285.359	284.656	284.044	283.511	283.049	282.651	282.309	282.018	281.773	281.571	281.407	281.279	281.185	281.123	281.092
286.271	285.464	284.760	284.147	283.616	283.158	282.766	282.431	282.150	281.917	281.729	281.582	281.474	281.403	281.367
286.210	285.410	284.712	284.105	283.578	283.124	282.735	282.404	282.125	281.894	281.707	281.562	281.454	281.384	281.349
282.807	282.398	282.041	281.731	281.462	281.230	281.031	280.862	280.719	280.601	280.506	280.431	280.377	280.340	280.323
281.394	281.148	280.933	280.746	280.583	280.444	280.324	280.222	280.136	280.065	280.007	279.962	279.929	279.907	279.897
284.566	283.955	283.422	282.958	282.556	282.209	281.912	281.659	281.446	281.270	281.127	281.016	280.934	280.880	280.853
282.243	281.899	281.599	281.338	281.111	280.916	280.749	280.606	280.486	280.387	280.307	280.244	280.198	280.168	280.153
285.324	284.625	284.016	283.486	283.027	282.631	282.291	282.002	281.759	281.557	281.394	281.267	281.174	281.112	281.081
287.312	286.384	285.576	284.873	284.263	283.738	283.287	282.903	282.580	282.313	282.096	281.927	281.803	281.721	281.681
286.986	286.096	285.320	284.645	284.061	283.556	283.123	282.755	282.445	282.189	281.981	281.819	281.700	281.622	281.583
291.309	289.922	288.713	287.661	286.749	285.963	285.288	284.714	284.231	283.831	283.508	283.255	283.069	282.947	282.886
283.043	282.606	282.226	281.895	281.609	281.361	281.149	280.968	280.817	280.691	280.589	280.510	280.451	280.413	280.394
279.467	279.442	279.421	279.402	279.385	279.371	279.359	279.348	279.340	279.333	279.327	279.322	279.319	279.317	279.316
278.780	278.834	278.881	278.922	278.958	278.988	279.015	279.037	279.056	279.072	279.084	279.094	279.101	279.106	279.108
281.795	281.502	281.247	281.025	280.833	280.667	280.524	280.403	280.301	280.217	280.149	280.095	280.056	280.030	280.017
280.469	280.329	280.207	280.100	280.008	279.929	279.861	279.802	279.754	279.713	279.680	279.655	279.636	279.624	279.618
279.576	279.539	279.506	279.477	279.453	279.431	279.413	279.398	279.385	279.374	279.365	279.358	279.353	279.350	279.348
278.024	278.165	278.288	278.395	278.488	278.567	278.636	278.694	278.744	278.784	278.817	278.843	278.862	278.874	278.880
277.243	277.474	277.675	277.850	278.002	278.133	278.245	278.341	278.421	278.487	278.541	278.583	278.614	278.635	278.645
277.417	277.628	277.812	277.972	278.110	278.230	278.332	278.420	278.493	278.554	278.603	278.641	278.670	278.688	278.697
280.203	280.094	279.998	279.915	279.843	279.781	279.727	279.682	279.644	279.612	279.587	279.567	279.552	279.542	279.537
280.210	280.100	280.003	279.920	279.847	279.784	279.731	279.685	279.647	279.615	279.589	279.569	279.554	279.544	279.539
283.731	283.215	282.766	282.375	282.037	281.744	281.494	281.280	281.101	280.952	280.832	280.738	280.669	280.624	280.601
284.172	283.606	283.113	282.683	282.311	281.990	281.715	281.480	281.283	281.120	280.988	280.885	280.809	280.759	280.734
282.969	282.541	282.168	281.844	281.563	281.320	281.112	280.935	280.786	280.663	280.563	280.485	280.428	280.390	280.371
283.345	282.874	282.463	282.106	281.797	281.529	281.300	281.105	280.941	280.806	280.696	280.610	280.547	280.505	280.485
283.052	282.614	282.233	281.902	281.614	281.366	281.154	280.973	280.820	280.694	280.592	280.513	280.454	280.415	280.396
281.507	281.248	281.021	280.824	280.654	280.507	280.380	280.273	280.182	280.108	280.047	280.000	279.965	279.942	279.931
274.922	275.420	275.854	276.231	276.558	276.841	277.083	277.289	277.462	277.606	277.722	277.813	277.879	277.923	277.945
276.302	276.641	276.937	277.194	277.417	277.609	277.774	277.914	278.032	278.130	278.209	278.271	278.316	278.346	278.361
280.075	279.980	279.898	279.826	279.763	279.709	279.663	279.624	279.591	279.564	279.541	279.524	279.511	279.503	279.499
276.526	276.839	277.113	277.350	277.556	277.734	277.886	278.016	278.125	278.215	278.288	278.345	278.387	278.415	278.429
274.931	275.428	275.861	276.238	276.564	276.846	277.087	277.293	277.466	277.609	277.725	277.816	277.882	277.926	277.948
271.811	272.667	273.413	274.061	274.624	275.109	275.525	275.879	276.177	276.424	276.624	276.779	276.894	276.969	277.007
277.785	277.954	278.100	278.228	278.339	278.435	278.516	278.586	278.645	278.693	278.733	278.763	278.786	278.801	278.808
279.448	279.425	279.405	279.388	279.373	279.360	279.349	279.340	279.332	279.325	279.320	279.316	279.313	279.311	279.310
274.957	275.451	275.881	276.256	276.580	276.860	277.100	277.305	277.477	277.619	277.734	277.824	277.890	277.934	277.955
274.345	274.909	275.401	275.829	276.199	276.519	276.794	277.027	277.224	277.386	277.518	277.621	277.696	277.746	277.771
274.360	274.923	275.413	275.840	276.209	276.528	276.802	277.034	277.230	277.392	277.524	277.626	277.701	277.751	277.776
274.943	275.439	275.871	276.246	276.572	276.853	277.094	277.299	277.471	277.614	277.730	277.820	277.886	277.930	277.951
278.710	278.772	278.826	278.873	278.914	278.949	278.980	279.005	279.027	279.045	279.059	279.071	279.079	279.084	279.087
278.441	278.534	278.615	278.685	278.747	278.799	278.845	278.883	278.916	278.942	278.964	278.981	278.994	279.002	279.006
279.231	279.233	279.235	279.237	279.238	279.239	279.240	279.241	279.242	279.243	279.243	279.244	279.244	279.244	279.244
273.148	273.850	274.462	274.994	275.455	275.853	276.195	276.485	276.729	276.932	277.096	277.223	277.317	277.379	277.410
275.670	276.082	276.441	276.753	277.024	277.257	277.458	277.628	277.771	277.890	277.986	278.061	278.116	278.153	278.171
278.189	278.311	278.418	278.510	278.590	278.660	278.719	278.769	278.812	278.847	278.875	278.898	278.914	278.925	278.930
276.069	276.435	276.754	277.031	277.272	277.479	277.657	277.809	277.936	278.041	278.127	278.193	278.243	278.275	278.291
274.846	275.353	275.794	276.178	276.511	276.799	277.045	277.255	277.431	277.577	277.695	277.787	277.855	277.900	277.922
273.283	273.969	274.568	275.088	275.539	275.928	276.262	276.546	276.785	276.983	277.143	277.268	277.360	277.421	277.451
273.377	274.052	274.641	275.153	275.597	275.981	276.309	276.589	276.824	277.019	277.176	277.299	277.390	277.449	277.479
274.028	274.628	275.152	275.608	276.002	276.343	276.635	276.884	277.093	277.266	277.406	277.516	277.596	277.649	277.675
275.477	275.911	276.289	276.618	276.903	277.150	277.361	277.540	277.691	277.817	277.918	277.997	278.055	278.093	278.112
277.422	277.632	277.815	277.975	278.113	278.232	278.335	278.422	278.495	278.555	278.604	278.643	278.671	278.689	278.699
279.189	279.196	279.202	279.207	279.212	279.216	279.219	279.222	279.225	279.227	279.228	279.230	279.231	279.231	279.232
280.304	280.183	280.077	279.985	279.905	279.837	279.778	279.728	279.685	279.650	279.622	279.600	279.584	279.573	279.568
279.557	279.522	279.491	279.464	279.441	279.421	279.404	279.389	279.377	279.367	279.358	279.352	279.347	279.344	279.343
276.594	276.900	277.166	277.398	277.598	277.772	277.920	278.047	278.153	278.241	278.312	278.368	278.409	278.436	278.449
275.754	276.156	276.507	276.812	277.076	277.304	277.500	277.666	277.806	277.922	278.016	278.089	278.143	278.178	278.196
277.254	277.484	277.684	277.858	278.009	278.139	278.251	278.346	278.426	278.492	278.545	278.587	278.618	278.638	278.648
276.278	276.620	276.918	277.177	277.402	277.596	277.762	277.903	278.022	278.121	278.201	278.263	278.309	278.339	278.354
282.585	282.202	281.867	281.576	281.324	281.107	280.920	280.761	280.628	280.517	280.428	280.358	280.306	280.272	280.256
280.800	280.622	280.466	280.331	280.214	280.113	280.026	279.952	279.890	279.839	279.797	279.765	279.741	279.725	279.717
278.220	278.338	278.442	278.531	278.609	278.677	278.734	278.783	278.824	278.859	278.886	278.908	278.924	278.934	278.939
272.993	273.713	274.340	274.886	275.359	275.767	276.117	276.415	276.665	276.873	277.041	277.172	277.268	277.332	277.363
273.278	273.965	274.564	275.085	275.536	275.926	276.260	276.544	276.783	276.981	277.142	277.267	277.359	277.419	277.449
274.419	274.975	275.459	275.881	276.246	276.561	276.831	277.061	277.255	277.415	277.544	277.646	277.720	277.769	277.793
274.726	275.246	275.700	276.095	276.437	276.732	276.985	277.200	277.381	277.531	277.653	277.748	277.817	277.863	277.886
273.629	274.276	274.839	275.330	275.754	276.121	276.436	276.703	276.928	277.115	277.265	277.383	277.470	277.527	277.555
